YEAR,COUNTRY,AGEGROUP,SEX,Numeric
2019,Uzbekistan,(0-4),Male,71.0
2019,Uzbekistan,(5-9),Male,67.2
2019,Uzbekistan,(10-14),Male,62.3
2019,Uzbekistan,(15-19),Male,57.4
2019,Uzbekistan,(20-24),Male,52.7
2019,Uzbekistan,(25-29),Male,47.9
2019,Uzbekistan,(30-34),Male,43.2
2019,Uzbekistan,(35-39),Male,38.5
2019,Uzbekistan,(40-44),Male,33.9
2019,Uzbekistan,(45-49),Male,29.4
2019,Uzbekistan,(50-54),Male,25.1
2019,Uzbekistan,(55-59),Male,21.0
2019,Uzbekistan,(60-64),Male,17.3
2019,Uzbekistan,(65-69),Male,13.8
2019,Uzbekistan,(70-74),Male,11.1
2019,Uzbekistan,(75-79),Male,8.5
2019,Uzbekistan,(80-84),Male,6.7
2019,Uzbekistan,(85-89),Male,6.9
2019,Uzbekistan,(5-9),Female,71.3
2019,Uzbekistan,(10-14),Female,66.5
2019,Uzbekistan,(15-19),Female,61.6
2019,Uzbekistan,(20-24),Female,56.7
2019,Uzbekistan,(25-29),Female,51.9
2019,Uzbekistan,(30-34),Female,47.1
2019,Uzbekistan,(35-39),Female,42.3
2019,Uzbekistan,(40-44),Female,37.6
2019,Uzbekistan,(45-49),Female,32.9
2019,Uzbekistan,(50-54),Female,28.4
2019,Uzbekistan,(55-59),Female,23.9
2019,Uzbekistan,(60-64),Female,19.8
2019,Uzbekistan,(70-74),Female,12.8
2019,Uzbekistan,(75-79),Female,9.8
2019,Uzbekistan,(80-84),Female,7.9
2019,Uzbekistan,(85-89),Female,6.9
2019,Uzbekistan,(10-14),Total,64.4
2019,Uzbekistan,(15-19),Total,59.5
2019,Uzbekistan,(20-24),Total,54.7
2019,Uzbekistan,(25-29),Total,50.0
2019,Uzbekistan,(30-34),Total,45.2
2019,Uzbekistan,(35-39),Total,40.4
2019,Uzbekistan,(40-44),Total,35.8
2019,Uzbekistan,(45-49),Total,31.2
2019,Uzbekistan,(50-54),Total,26.8
2019,Uzbekistan,(55-59),Total,22.5
2019,Uzbekistan,(60-64),Total,18.6
2019,Uzbekistan,(65-69),Total,14.9
2019,Uzbekistan,(70-74),Total,12.0
2019,Uzbekistan,(75-79),Total,9.2
2019,Uzbekistan,(80-84),Total,7.4
2019,Uzbekistan,(85-89),Total,6.9
2019,Uzbekistan,,Male,70.8
2019,Uzbekistan,,Female,75.2
2019,Uzbekistan,(0-4),Female,75.2
2019,Uzbekistan,(65-69),Female,15.9
2019,Uzbekistan,,Total,73.0
2019,Uzbekistan,(0-4),Total,73.1
2019,Uzbekistan,(5-9),Total,69.3
2019,United Kingdom,(60-64),Male,23.0
2019,United Kingdom,(65-69),Male,18.9
2019,United Kingdom,(70-74),Male,15.0
2019,United Kingdom,(75-79),Male,11.5
2019,United Kingdom,(80-84),Male,8.4
2019,United Kingdom,(85-89),Male,5.7
2019,United Kingdom,(10-14),Female,73.3
2019,United Kingdom,(15-19),Female,68.4
2019,United Kingdom,(20-24),Female,63.4
2019,United Kingdom,(25-29),Female,58.5
2019,United Kingdom,(30-34),Female,53.6
2019,United Kingdom,(35-39),Female,48.7
2019,United Kingdom,(40-44),Female,43.8
2019,United Kingdom,(45-49),Female,39.0
2019,United Kingdom,(50-54),Female,34.3
2019,United Kingdom,(55-59),Female,29.7
2019,United Kingdom,(60-64),Female,25.2
2019,United Kingdom,(65-69),Female,20.9
2019,United Kingdom,(70-74),Female,16.8
2019,United Kingdom,(75-79),Female,12.9
2019,United Kingdom,(80-84),Female,9.4
2019,United Kingdom,(85-89),Female,6.3
2019,United Kingdom,,Female,83.0
2019,United Kingdom,(0-4),Female,82.3
2019,United Kingdom,(5-9),Female,78.3
2019,United Kingdom,,Male,79.8
2019,United Kingdom,(55-59),Total,28.5
2019,United Kingdom,(60-64),Total,24.1
2019,United Kingdom,(65-69),Total,20.0
2019,United Kingdom,(70-74),Total,16.0
2019,United Kingdom,(75-79),Total,12.3
2019,United Kingdom,(80-84),Total,8.9
2019,United Kingdom,(85-89),Total,6.0
2019,United Kingdom,(0-4),Male,79.1
2019,United Kingdom,(5-9),Male,75.2
2019,United Kingdom,(10-14),Male,70.2
2019,United Kingdom,(15-19),Male,65.2
2019,United Kingdom,(20-24),Male,60.3
2019,United Kingdom,(25-29),Male,55.4
2019,United Kingdom,(30-34),Male,50.6
2019,United Kingdom,(35-39),Male,45.8
2019,United Kingdom,(40-44),Male,41.0
2019,United Kingdom,(45-49),Male,36.3
2019,United Kingdom,(50-54),Male,31.8
2019,United Kingdom,(55-59),Male,27.3
2019,United Kingdom,(40-44),Total,42.4
2019,United Kingdom,(45-49),Total,37.7
2019,United Kingdom,(50-54),Total,33.1
2019,United Kingdom,,Total,81.4
2019,United Kingdom,(0-4),Total,80.7
2019,United Kingdom,(5-9),Total,76.8
2019,United Kingdom,(10-14),Total,71.8
2019,United Kingdom,(15-19),Total,66.8
2019,United Kingdom,(20-24),Total,61.9
2019,United Kingdom,(25-29),Total,57.0
2019,United Kingdom,(30-34),Total,52.1
2019,United Kingdom,(35-39),Total,47.2
2019,Ukraine,(80-84),Male,7.2
2019,Ukraine,(85-89),Male,5.9
2019,Ukraine,(65-69),Male,13.5
2019,Ukraine,(35-39),Female,44.1
2019,Ukraine,(40-44),Female,39.4
2019,Ukraine,(45-49),Female,34.9
2019,Ukraine,(50-54),Female,30.4
2019,Ukraine,(55-59),Female,26.0
2019,Ukraine,(60-64),Female,21.7
2019,Ukraine,(65-69),Female,17.7
2019,Ukraine,(70-74),Female,13.9
2019,Ukraine,(75-79),Female,10.6
2019,Ukraine,(80-84),Female,7.8
2019,Ukraine,(85-89),Female,5.6
2019,Ukraine,(70-74),Male,11.0
2019,Ukraine,(75-79),Male,8.8
2019,Ukraine,,Female,77.8
2019,Ukraine,(0-4),Female,77.4
2019,Ukraine,(5-9),Female,73.4
2019,Ukraine,(10-14),Female,68.5
2019,Ukraine,(15-19),Female,63.5
2019,Ukraine,(20-24),Female,58.6
2019,Ukraine,(25-29),Female,53.7
2019,Ukraine,,Male,68.0
2019,Ukraine,(45-49),Total,31.2
2019,Ukraine,(50-54),Total,27.2
2019,Ukraine,(55-59),Total,23.2
2019,Ukraine,(60-64),Total,19.5
2019,Ukraine,(65-69),Total,16.0
2019,Ukraine,(70-74),Total,12.9
2019,Ukraine,(75-79),Total,10.0
2019,Ukraine,(80-84),Total,7.6
2019,Ukraine,(85-89),Total,5.7
2019,Ukraine,(0-4),Male,67.6
2019,Ukraine,(5-9),Male,63.7
2019,Ukraine,(10-14),Male,58.7
2019,Ukraine,(15-19),Male,53.8
2019,Ukraine,(20-24),Male,49.0
2019,Ukraine,(25-29),Male,44.2
2019,Ukraine,(30-34),Male,39.6
2019,Ukraine,(35-39),Male,35.2
2019,Ukraine,(40-44),Male,31.0
2019,Ukraine,(45-49),Male,27.1
2019,Ukraine,(50-54),Male,23.3
2019,Ukraine,(55-59),Male,19.7
2019,Ukraine,(60-64),Male,16.4
2019,Ukraine,(30-34),Female,48.9
2019,Ukraine,,Total,73.0
2019,Ukraine,(0-4),Total,72.6
2019,Ukraine,(5-9),Total,68.7
2019,Ukraine,(10-14),Total,63.7
2019,Ukraine,(15-19),Total,58.8
2019,Ukraine,(20-24),Total,53.9
2019,Ukraine,(25-29),Total,49.1
2019,Ukraine,(30-34),Total,44.4
2019,Ukraine,(35-39),Total,39.8
2019,Ukraine,(40-44),Total,35.5
2019,Turkmenistan,(15-19),Male,55.3
2019,Turkmenistan,(20-24),Male,50.5
2019,Turkmenistan,(25-29),Male,45.8
2019,Turkmenistan,(30-34),Male,41.1
2019,Turkmenistan,(35-39),Male,36.6
2019,Turkmenistan,(40-44),Male,32.3
2019,Turkmenistan,(45-49),Male,28.1
2019,Turkmenistan,(70-74),Male,12.0
2019,Turkmenistan,(75-79),Male,10.2
2019,Turkmenistan,(80-84),Male,8.1
2019,Turkmenistan,(85-89),Male,6.9
2019,Turkmenistan,(50-54),Male,24.2
2019,Turkmenistan,(55-59),Male,20.5
2019,Turkmenistan,(60-64),Male,17.1
2019,Turkmenistan,(65-69),Male,14.1
2019,Turkmenistan,,Male,66.5
2019,Turkmenistan,(0-4),Male,68.6
2019,Turkmenistan,(5-9),Male,65.0
2019,Turkmenistan,(10-14),Male,60.2
2019,Turkmenistan,(80-84),Female,9.3
2019,Turkmenistan,(25-29),Total,48.7
2019,Turkmenistan,(30-34),Total,44.0
2019,Turkmenistan,(35-39),Total,39.4
2019,Turkmenistan,(40-44),Total,34.9
2019,Turkmenistan,(45-49),Total,30.5
2019,Turkmenistan,(50-54),Total,26.3
2019,Turkmenistan,(55-59),Total,22.3
2019,Turkmenistan,(60-64),Total,18.7
2019,Turkmenistan,(65-69),Total,15.3
2019,Turkmenistan,(70-74),Total,12.8
2019,Turkmenistan,(75-79),Total,10.8
2019,Turkmenistan,(80-84),Total,8.9
2019,Turkmenistan,(85-89),Total,7.1
2019,Turkmenistan,(85-89),Female,7.2
2019,Turkmenistan,,Female,73.0
2019,Turkmenistan,(0-4),Female,74.5
2019,Turkmenistan,(5-9),Female,70.9
2019,Turkmenistan,(10-14),Female,66.0
2019,Turkmenistan,(15-19),Female,61.1
2019,Turkmenistan,(20-24),Female,56.3
2019,Turkmenistan,(25-29),Female,51.6
2019,Turkmenistan,(30-34),Female,46.8
2019,Turkmenistan,(35-39),Female,42.0
2019,Turkey,(45-49),Male,33.5
2019,Turkey,(50-54),Male,29.0
2019,Turkey,(55-59),Male,24.7
2019,Turkey,(60-64),Male,20.6
2019,Turkmenistan,(40-44),Female,37.3
2019,Turkmenistan,(45-49),Female,32.7
2019,Turkmenistan,(50-54),Female,28.2
2019,Turkmenistan,(55-59),Female,23.9
2019,Turkmenistan,(60-64),Female,20.1
2019,Turkmenistan,(65-69),Female,16.3
2019,Turkmenistan,(70-74),Female,13.4
2019,Turkmenistan,(75-79),Female,11.2
2019,Turkey,,Male,76.4
2019,Turkey,(15-19),Female,66.6
2019,Turkey,(20-24),Female,61.6
2019,Turkey,(25-29),Female,56.7
2019,Turkey,(30-34),Female,51.8
2019,Turkey,(35-39),Female,46.9
2019,Turkey,(40-44),Female,42.0
2019,Turkey,(45-49),Female,37.2
2019,Turkey,(50-54),Female,32.4
2019,Turkey,(55-59),Female,27.8
2019,Turkey,(60-64),Female,23.2
2019,Turkey,(65-69),Female,18.9
2019,Turkey,(70-74),Female,14.9
2019,Turkey,(75-79),Female,11.4
2019,Turkey,(80-84),Female,8.4
2019,Turkey,(85-89),Female,5.9
2019,Turkey,(0-4),Male,76.2
2019,Turkmenistan,,Total,69.7
2019,Turkey,(5-9),Total,74.4
2019,Turkey,(10-14),Total,69.5
2019,Turkey,(15-19),Total,64.6
2019,Turkey,(20-24),Total,59.7
2019,Turkey,(25-29),Total,54.8
2019,Turkey,(30-34),Total,49.9
2019,Turkey,(35-39),Total,45.0
2019,Turkey,(40-44),Total,40.2
2019,Turkey,(45-49),Total,35.4
2019,Turkey,(50-54),Total,30.8
2019,Turkey,(55-59),Total,26.3
2019,Turkey,(60-64),Total,22.0
2019,Turkey,(65-69),Total,18.0
2019,Turkey,(70-74),Total,14.3
2019,Turkey,(75-79),Total,11.1
2019,Turkey,(80-84),Total,8.3
2019,Turkey,(85-89),Total,5.9
2019,Turkmenistan,(0-4),Total,71.6
2019,Turkey,(5-9),Male,72.3
2019,Turkey,(10-14),Male,67.3
2019,Turkey,(15-19),Male,62.4
2019,Turkey,(20-24),Male,57.5
2019,Turkey,(25-29),Male,52.7
2019,Turkey,(30-34),Male,47.8
2019,Turkey,(35-39),Male,43.0
2019,Turkmenistan,(5-9),Total,68.0
2019,Turkmenistan,(10-14),Total,63.1
2019,Turkmenistan,(15-19),Total,58.2
2019,Turkmenistan,(20-24),Total,53.5
2019,Turkey,(40-44),Male,38.2
2019,Turkey,,Total,78.6
2019,Turkey,(0-4),Total,78.3
2019,Turkey,(65-69),Male,16.9
2019,Turkey,(70-74),Male,13.6
2019,Turkey,(75-79),Male,10.7
2019,Turkey,(80-84),Male,8.2
2019,Turkey,(85-89),Male,5.8
2019,Turkey,,Female,80.7
2019,Turkey,(0-4),Female,80.3
2019,Turkey,(5-9),Female,76.4
2019,Turkey,(10-14),Female,71.5
2019,Tajikistan,(30-34),Male,41.1
2019,Tajikistan,(35-39),Male,36.4
2019,Tajikistan,(40-44),Male,31.9
2019,Tajikistan,(45-49),Male,27.5
2019,Tajikistan,(50-54),Male,23.1
2019,Tajikistan,(55-59),Male,18.9
2019,Tajikistan,(60-64),Male,15.1
2019,Tajikistan,(65-69),Male,11.7
2019,Tajikistan,(70-74),Male,8.8
2019,Tajikistan,(75-79),Male,6.5
2019,Tajikistan,(80-84),Male,4.6
2019,Tajikistan,(85-89),Male,3.6
2019,Tajikistan,(15-19),Male,55.3
2019,Tajikistan,(40-44),Female,34.9
2019,Tajikistan,(45-49),Female,30.2
2019,Tajikistan,(50-54),Female,25.7
2019,Tajikistan,(55-59),Female,21.3
2019,Tajikistan,(60-64),Female,17.2
2019,Tajikistan,(65-69),Female,13.5
2019,Tajikistan,(70-74),Female,10.4
2019,Tajikistan,(75-79),Female,7.8
2019,Tajikistan,(80-84),Female,5.8
2019,Tajikistan,(85-89),Female,4.5
2019,Tajikistan,(10-14),Total,62.0
2019,Tajikistan,(15-19),Total,57.0
2019,Tajikistan,(20-24),Total,52.2
2019,Tajikistan,(25-29),Total,47.4
2019,Tajikistan,(30-34),Total,42.7
2019,Tajikistan,(35-39),Total,38.0
2019,Tajikistan,(40-44),Total,33.4
2019,Tajikistan,(45-49),Total,28.8
2019,Tajikistan,(50-54),Total,24.4
2019,Tajikistan,(55-59),Total,20.1
2019,Tajikistan,(20-24),Male,50.5
2019,Tajikistan,(25-29),Male,45.8
2019,Tajikistan,,Male,67.6
2019,Tajikistan,(0-4),Male,68.9
2019,Tajikistan,(5-9),Male,65.2
2019,Tajikistan,(10-14),Male,60.3
2019,Tajikistan,,Total,69.5
2019,Tajikistan,(0-4),Total,70.6
2019,Tajikistan,(5-9),Total,66.9
2019,Tajikistan,,Female,71.5
2019,Tajikistan,(0-4),Female,72.5
2019,Tajikistan,(5-9),Female,68.8
2019,Tajikistan,(10-14),Female,63.8
2019,Tajikistan,(15-19),Female,58.8
2019,Tajikistan,(20-24),Female,54.0
2019,Tajikistan,(25-29),Female,49.1
2019,Tajikistan,(30-34),Female,44.3
2019,Tajikistan,(35-39),Female,39.6
2019,Tajikistan,(60-64),Total,16.1
2019,Tajikistan,(65-69),Total,12.6
2019,Tajikistan,(70-74),Total,9.6
2019,Tajikistan,(75-79),Total,7.1
2019,Tajikistan,(80-84),Total,5.3
2019,Tajikistan,(85-89),Total,4.1
2019,Switzerland,(30-34),Male,52.5
2019,Switzerland,(80-84),Male,8.8
2019,Switzerland,(85-89),Male,5.9
2019,Switzerland,(35-39),Male,47.6
2019,Switzerland,(40-44),Male,42.7
2019,Switzerland,(45-49),Male,37.9
2019,Switzerland,(50-54),Male,33.1
2019,Switzerland,(55-59),Male,28.5
2019,Switzerland,(60-64),Male,24.1
2019,Switzerland,(65-69),Male,19.9
2019,Switzerland,(70-74),Male,15.9
2019,Switzerland,(75-79),Male,12.2
2019,Switzerland,,Male,81.8
2019,Switzerland,(85-89),Female,6.5
2019,Switzerland,(0-4),Male,81.1
2019,Switzerland,(5-9),Male,77.1
2019,Switzerland,(10-14),Male,72.1
2019,Switzerland,(10-14),Total,73.8
2019,Switzerland,(15-19),Total,68.8
2019,Switzerland,(20-24),Total,63.9
2019,Switzerland,(25-29),Total,59.0
2019,Switzerland,(30-34),Total,54.0
2019,Switzerland,(35-39),Total,49.1
2019,Switzerland,(40-44),Total,44.2
2019,Switzerland,(45-49),Total,39.4
2019,Switzerland,(50-54),Total,34.6
2019,Switzerland,(55-59),Total,29.9
2019,Switzerland,(60-64),Total,25.4
2019,Switzerland,(65-69),Total,21.1
2019,Switzerland,(70-74),Total,17.0
2019,Switzerland,(75-79),Total,13.1
2019,Switzerland,(80-84),Total,9.4
2019,Switzerland,(85-89),Total,6.3
2019,Switzerland,(15-19),Male,67.1
2019,Switzerland,(20-24),Male,62.2
2019,Switzerland,(25-29),Male,57.3
2019,Switzerland,(40-44),Female,45.7
2019,Switzerland,(45-49),Female,40.8
2019,Switzerland,(50-54),Female,36.0
2019,Switzerland,(55-59),Female,31.3
2019,Switzerland,(60-64),Female,26.6
2019,Switzerland,(65-69),Female,22.2
2019,Switzerland,(70-74),Female,17.8
2019,Switzerland,(75-79),Female,13.7
2019,Switzerland,(80-84),Female,9.8
2019,Switzerland,,Total,83.4
2019,Sweden,(60-64),Male,23.3
2019,Sweden,(65-69),Male,19.1
2019,Sweden,(70-74),Male,15.2
2019,Switzerland,(0-4),Total,82.7
2019,Switzerland,(5-9),Total,78.8
2019,Switzerland,,Female,85.1
2019,Switzerland,(0-4),Female,84.3
2019,Switzerland,(5-9),Female,80.4
2019,Switzerland,(10-14),Female,75.4
2019,Switzerland,(15-19),Female,70.4
2019,Switzerland,(20-24),Female,65.5
2019,Switzerland,(25-29),Female,60.5
2019,Switzerland,(30-34),Female,55.5
2019,Switzerland,(35-39),Female,50.6
2019,Sweden,(15-19),Male,66.1
2019,Sweden,(40-44),Female,44.6
2019,Sweden,(45-49),Female,39.7
2019,Sweden,(50-54),Female,34.9
2019,Sweden,(55-59),Female,30.2
2019,Sweden,(60-64),Female,25.6
2019,Sweden,(65-69),Female,21.2
2019,Sweden,(70-74),Female,17.0
2019,Sweden,(75-79),Female,13.0
2019,Sweden,(80-84),Female,9.3
2019,Sweden,(85-89),Female,6.0
2019,Sweden,(20-24),Male,61.2
2019,Sweden,(25-29),Male,56.4
2019,Sweden,(30-34),Male,51.6
2019,Sweden,(35-39),Male,46.8
2019,Sweden,(40-44),Male,42.0
2019,Sweden,(45-49),Male,37.2
2019,Sweden,(50-54),Male,32.4
2019,Sweden,(55-59),Male,27.8
2019,Sweden,(75-79),Male,11.5
2019,Sweden,(80-84),Male,8.2
2019,Sweden,(85-89),Male,5.3
2019,Sweden,,Male,80.8
2019,Sweden,(0-4),Male,80.0
2019,Sweden,(5-9),Male,76.0
2019,Sweden,(10-14),Male,71.1
2019,Sweden,,Female,84.0
2019,Sweden,(75-79),Total,12.3
2019,Sweden,(80-84),Total,8.8
2019,Sweden,(85-89),Total,5.8
2019,Sweden,(0-4),Female,83.1
2019,Sweden,(5-9),Female,79.2
2019,Sweden,(10-14),Female,74.2
2019,Sweden,(15-19),Female,69.2
2019,Sweden,(20-24),Female,64.3
2019,Sweden,(25-29),Female,59.3
2019,Sweden,(30-34),Female,54.4
2019,Sweden,(35-39),Female,49.5
2019,Sweden,,Total,82.4
2019,Sweden,(0-4),Total,81.6
2019,Sweden,(5-9),Total,77.6
2019,Sweden,(10-14),Total,72.6
2019,Sweden,(15-19),Total,67.7
2019,Sweden,(20-24),Total,62.7
2019,Sweden,(25-29),Total,57.9
2019,Sweden,(30-34),Total,53.0
2019,Sweden,(35-39),Total,48.2
2019,Sweden,(40-44),Total,43.3
2019,Sweden,(45-49),Total,38.5
2019,Sweden,(50-54),Total,33.7
2019,Sweden,(55-59),Total,29.0
2019,Sweden,(60-64),Total,24.5
2019,Sweden,(65-69),Total,20.2
2019,Sweden,(70-74),Total,16.1
2019,Spain,(10-14),Male,71.0
2019,Spain,(15-19),Male,66.0
2019,Spain,(20-24),Male,61.1
2019,Spain,(25-29),Male,56.2
2019,Spain,(30-34),Male,51.3
2019,Spain,(35-39),Male,46.4
2019,Spain,(40-44),Male,41.5
2019,Spain,(45-49),Male,36.7
2019,Spain,(50-54),Male,32.0
2019,Spain,(55-59),Male,27.5
2019,Spain,(60-64),Male,23.3
2019,Spain,(65-69),Male,19.3
2019,Spain,(70-74),Male,15.5
2019,Spain,(75-79),Male,11.9
2019,Spain,(80-84),Male,8.8
2019,Spain,(85-89),Male,6.1
2019,Spain,,Male,80.7
2019,Spain,(5-9),Female,80.9
2019,Spain,(10-14),Female,75.9
2019,Spain,(15-19),Female,71.0
2019,Spain,(20-24),Female,66.0
2019,Spain,(25-29),Female,61.1
2019,Spain,(30-34),Female,56.1
2019,Spain,(35-39),Female,51.2
2019,Spain,(40-44),Female,46.2
2019,Spain,(45-49),Female,41.4
2019,Spain,(50-54),Female,36.6
2019,Spain,(55-59),Female,31.9
2019,Spain,(60-64),Female,27.3
2019,Spain,(65-69),Female,22.9
2019,Spain,(70-74),Female,18.5
2019,Spain,(75-79),Female,14.3
2019,Spain,(80-84),Female,10.4
2019,Spain,(85-89),Female,7.0
2019,Spain,(0-4),Male,79.9
2019,Spain,(5-9),Male,76.0
2019,Spain,(25-29),Total,58.6
2019,Spain,(30-34),Total,53.7
2019,Spain,(35-39),Total,48.8
2019,Spain,(40-44),Total,43.9
2019,Spain,(45-49),Total,39.1
2019,Spain,(80-84),Total,9.7
2019,Spain,(85-89),Total,6.7
2019,Spain,,Female,85.7
2019,Spain,(0-4),Female,84.9
2019,Spain,,Total,83.2
2019,Spain,(0-4),Total,82.4
2019,Spain,(5-9),Total,78.5
2019,Spain,(10-14),Total,73.5
2019,Spain,(15-19),Total,68.5
2019,Spain,(20-24),Total,63.6
2019,Spain,(50-54),Total,34.3
2019,Spain,(55-59),Total,29.8
2019,Spain,(60-64),Total,25.4
2019,Spain,(65-69),Total,21.2
2019,Spain,(70-74),Total,17.1
2019,Spain,(75-79),Total,13.2
2019,Slovenia,(55-59),Male,26.0
2019,Slovenia,(25-29),Female,59.3
2019,Slovenia,(30-34),Female,54.4
2019,Slovenia,(35-39),Female,49.5
2019,Slovenia,(40-44),Female,44.6
2019,Slovenia,(45-49),Female,39.7
2019,Slovenia,(50-54),Female,34.9
2019,Slovenia,(55-59),Female,30.2
2019,Slovenia,(60-64),Female,25.6
2019,Slovenia,(65-69),Female,21.3
2019,Slovenia,(70-74),Female,17.2
2019,Slovenia,(75-79),Female,13.2
2019,Slovenia,(80-84),Female,9.5
2019,Slovenia,(85-89),Female,6.3
2019,Slovenia,(60-64),Male,21.8
2019,Slovenia,(65-69),Male,18.0
2019,Slovenia,(70-74),Male,14.5
2019,Slovenia,(75-79),Male,11.2
2019,Slovenia,(80-84),Male,8.3
2019,Slovenia,(85-89),Male,5.8
2019,Slovenia,,Male,78.6
2019,Slovenia,(30-34),Total,51.8
2019,Slovenia,(35-39),Total,47.0
2019,Slovenia,(40-44),Total,42.2
2019,Slovenia,(45-49),Total,37.4
2019,Slovenia,(50-54),Total,32.7
2019,Slovenia,(55-59),Total,28.1
2019,Slovenia,(60-64),Total,23.8
2019,Slovenia,(65-69),Total,19.8
2019,Slovenia,(70-74),Total,16.0
2019,Slovenia,(75-79),Total,12.4
2019,Slovenia,(80-84),Total,9.1
2019,Slovenia,(85-89),Total,6.1
2019,Slovenia,,Female,84.1
2019,Slovenia,(0-4),Female,83.2
2019,Slovenia,(5-9),Female,79.2
2019,Slovenia,(10-14),Female,74.2
2019,Slovenia,(15-19),Female,69.3
2019,Slovenia,(20-24),Female,64.3
2019,Slovenia,(0-4),Male,77.7
2019,Slovenia,(5-9),Male,73.8
2019,Slovenia,(10-14),Male,68.8
2019,Slovenia,(15-19),Male,63.8
2019,Slovenia,(20-24),Male,58.9
2019,Slovenia,(25-29),Male,54.1
2019,Slovenia,(30-34),Male,49.3
2019,Slovenia,(35-39),Male,44.5
2019,Slovenia,(40-44),Male,39.7
2019,Slovenia,(45-49),Male,35.0
2019,Slovenia,(50-54),Male,30.4
2019,Slovenia,,Total,81.3
2019,Slovenia,(0-4),Total,80.4
2019,Slovenia,(5-9),Total,76.5
2019,Slovenia,(10-14),Total,71.5
2019,Slovenia,(15-19),Total,66.5
2019,Slovenia,(20-24),Total,61.6
2019,Slovenia,(25-29),Total,56.7
2019,Slovakia,(85-89),Male,4.8
2019,Slovakia,(25-29),Female,57.1
2019,Slovakia,,Female,81.4
2019,Slovakia,(35-39),Female,47.2
2019,Slovakia,(40-44),Female,42.4
2019,Slovakia,(45-49),Female,37.5
2019,Slovakia,(50-54),Female,32.9
2019,Slovakia,(55-59),Female,28.3
2019,Slovakia,(60-64),Female,23.9
2019,Slovakia,(65-69),Female,19.7
2019,Slovakia,(70-74),Female,15.7
2019,Slovakia,(75-79),Female,11.8
2019,Slovakia,(80-84),Female,8.5
2019,Slovakia,(85-89),Female,6.4
2019,Slovakia,(0-4),Female,80.8
2019,Slovakia,(5-9),Female,76.9
2019,Slovakia,(10-14),Female,71.9
2019,Slovakia,(15-19),Female,66.9
2019,Slovakia,(20-24),Female,62.0
2019,Slovakia,,Male,74.8
2019,Slovakia,(25-29),Total,54.0
2019,Slovakia,(30-34),Total,49.1
2019,Slovakia,(35-39),Total,44.3
2019,Slovakia,(40-44),Total,39.5
2019,Slovakia,(45-49),Total,34.8
2019,Slovakia,(50-54),Total,30.2
2019,Slovakia,(55-59),Total,25.9
2019,Slovakia,(60-64),Total,21.8
2019,Slovakia,(65-69),Total,18.0
2019,Slovakia,(70-74),Total,14.4
2019,Slovakia,(75-79),Total,11.0
2019,Slovakia,(80-84),Total,7.9
2019,Slovakia,(85-89),Total,5.8
2019,Slovakia,(0-4),Male,74.2
2019,Slovakia,(5-9),Male,70.3
2019,Slovakia,(10-14),Male,65.4
2019,Slovakia,(15-19),Male,60.4
2019,Slovakia,(20-24),Male,55.5
2019,Slovakia,(25-29),Male,50.7
2019,Slovakia,(30-34),Male,45.9
2019,Slovakia,(35-39),Male,41.1
2019,Slovakia,(40-44),Male,36.3
2019,Slovakia,(45-49),Male,31.7
2019,Slovakia,(50-54),Male,27.3
2019,Slovakia,(55-59),Male,23.1
2019,Slovakia,(60-64),Male,19.3
2019,Slovakia,(65-69),Male,15.9
2019,Slovakia,(70-74),Male,12.6
2019,Slovakia,(75-79),Male,9.6
2019,Slovakia,(80-84),Male,7.0
2019,Slovakia,(30-34),Female,52.1
2019,Slovakia,,Total,78.2
2019,Slovakia,(0-4),Total,77.6
2019,Slovakia,(5-9),Total,73.7
2019,Slovakia,(10-14),Total,68.7
2019,Slovakia,(15-19),Total,63.8
2019,Slovakia,(20-24),Total,58.9
2019,Serbia,(65-69),Male,14.6
2019,Serbia,(70-74),Male,11.7
2019,Serbia,(75-79),Male,9.0
2019,Serbia,(80-84),Male,6.5
2019,Serbia,(85-89),Male,4.8
2019,Serbia,(55-59),Male,21.7
2019,Serbia,(60-64),Male,17.9
2019,Serbia,,Male,73.5
2019,Serbia,(60-64),Female,21.1
2019,Serbia,(65-69),Female,17.1
2019,Serbia,(70-74),Female,13.3
2019,Serbia,(75-79),Female,9.9
2019,Serbia,(80-84),Female,7.0
2019,Serbia,(85-89),Female,4.9
2019,Serbia,(0-4),Male,72.8
2019,Serbia,(5-9),Male,68.9
2019,Serbia,(10-14),Male,63.9
2019,Serbia,(15-19),Male,59.0
2019,Serbia,(15-19),Total,61.3
2019,Serbia,(20-24),Total,56.4
2019,Serbia,(25-29),Total,51.5
2019,Serbia,(30-34),Total,46.6
2019,Serbia,(35-39),Total,41.8
2019,Serbia,(40-44),Total,37.0
2019,Serbia,(45-49),Total,32.4
2019,Serbia,(50-54),Total,27.8
2019,Serbia,(20-24),Male,54.1
2019,Serbia,(25-29),Male,49.2
2019,Serbia,(30-34),Male,44.4
2019,Serbia,(35-39),Male,39.6
2019,Serbia,(40-44),Male,34.9
2019,Serbia,(45-49),Male,30.2
2019,Serbia,(50-54),Male,25.8
2019,Serbia,(50-54),Female,29.8
2019,Serbia,(55-59),Female,25.4
2019,Serbia,,Female,78.3
2019,Serbia,(0-4),Female,77.6
2019,Serbia,(5-9),Female,73.6
2019,Serbia,(10-14),Female,68.7
2019,Serbia,(15-19),Female,63.7
2019,Serbia,(20-24),Female,58.8
2019,Serbia,(25-29),Female,53.8
2019,Serbia,(30-34),Female,48.9
2019,Serbia,(35-39),Female,44.0
2019,Serbia,(40-44),Female,39.2
2019,Serbia,(45-49),Female,34.4
2019,Serbia,,Total,75.9
2019,Serbia,(0-4),Total,75.2
2019,Serbia,(5-9),Total,71.3
2019,Serbia,(10-14),Total,66.3
2019,Serbia,(55-59),Total,23.6
2019,Serbia,(60-64),Total,19.6
2019,Serbia,(65-69),Total,15.9
2019,Serbia,(70-74),Total,12.6
2019,Serbia,(75-79),Total,9.5
2019,Serbia,(80-84),Total,6.8
2019,Serbia,(85-89),Total,4.9
2019,Russian Federation (the),(25-29),Male,44.3
2019,Russian Federation (the),(30-34),Male,39.7
2019,Russian Federation (the),(35-39),Male,35.4
2019,Russian Federation (the),(40-44),Male,31.3
2019,Russian Federation (the),(45-49),Male,27.4
2019,Russian Federation (the),(50-54),Male,23.6
2019,Russian Federation (the),(55-59),Male,20.1
2019,Russian Federation (the),(60-64),Male,16.8
2019,Russian Federation (the),(65-69),Male,14.0
2019,Russian Federation (the),(70-74),Male,11.5
2019,Russian Federation (the),(75-79),Male,9.2
2019,Russian Federation (the),(0-4),Female,77.4
2019,Russian Federation (the),(5-9),Female,73.4
2019,Russian Federation (the),(10-14),Female,68.5
2019,Russian Federation (the),(30-34),Female,48.9
2019,Russian Federation (the),(35-39),Female,44.2
2019,Russian Federation (the),(40-44),Female,39.6
2019,Russian Federation (the),(45-49),Female,35.2
2019,Russian Federation (the),(50-54),Female,30.7
2019,Russian Federation (the),(55-59),Female,26.4
2019,Russian Federation (the),(60-64),Female,22.2
2019,Russian Federation (the),(65-69),Female,18.2
2019,Russian Federation (the),(70-74),Female,14.4
2019,Russian Federation (the),(75-79),Female,10.9
2019,Russian Federation (the),(80-84),Female,8.0
2019,Russian Federation (the),(85-89),Female,5.5
2019,Russian Federation (the),(10-14),Total,63.7
2019,Russian Federation (the),(15-19),Total,58.8
2019,Russian Federation (the),(20-24),Total,53.9
2019,Russian Federation (the),(25-29),Total,49.2
2019,Russian Federation (the),(30-34),Total,44.5
2019,Russian Federation (the),(35-39),Total,40.0
2019,Russian Federation (the),(40-44),Total,35.7
2019,Russian Federation (the),(45-49),Total,31.6
2019,Russian Federation (the),(50-54),Total,27.5
2019,Russian Federation (the),(55-59),Total,23.6
2019,Russian Federation (the),(60-64),Total,19.9
2019,Russian Federation (the),(65-69),Total,16.5
2019,Russian Federation (the),(70-74),Total,13.4
2019,Russian Federation (the),(75-79),Total,10.4
2019,Russian Federation (the),(80-84),Total,7.8
2019,Russian Federation (the),(85-89),Total,5.6
2019,Russian Federation (the),(80-84),Male,7.3
2019,Russian Federation (the),(85-89),Male,5.8
2019,Russian Federation (the),,Female,78.0
2019,Russian Federation (the),(15-19),Female,63.5
2019,Russian Federation (the),(20-24),Female,58.6
2019,Russian Federation (the),(25-29),Female,53.8
2019,Russian Federation (the),,Total,73.2
2019,Russian Federation (the),(0-4),Total,72.6
2019,Russian Federation (the),(5-9),Total,68.7
2019,Russian Federation (the),,Male,68.2
2019,Russian Federation (the),(0-4),Male,67.5
2019,Russian Federation (the),(5-9),Male,63.6
2019,Russian Federation (the),(10-14),Male,58.7
2019,Russian Federation (the),(15-19),Male,53.7
2019,Russian Federation (the),(20-24),Male,48.9
2019,Romania,(45-49),Male,29.3
2019,Romania,(25-29),Female,55.0
2019,Romania,(30-34),Female,50.1
2019,Romania,(35-39),Female,45.2
2019,Romania,(40-44),Female,40.4
2019,Romania,(45-49),Female,35.7
2019,Romania,(50-54),Female,31.1
2019,Romania,(55-59),Female,26.6
2019,Romania,(60-64),Female,22.4
2019,Romania,(65-69),Female,18.4
2019,Romania,(70-74),Female,14.5
2019,Romania,(75-79),Female,11.0
2019,Romania,(80-84),Female,7.9
2019,Romania,(85-89),Female,5.6
2019,Romania,(50-54),Male,25.0
2019,Romania,(55-59),Male,21.2
2019,Romania,(60-64),Male,17.8
2019,Romania,(65-69),Male,14.8
2019,Romania,(70-74),Male,11.9
2019,Romania,(75-79),Male,9.3
2019,Romania,(80-84),Male,7.0
2019,Romania,(85-89),Male,5.2
2019,Romania,,Male,72.0
2019,Romania,(40-44),Total,37.1
2019,Romania,(45-49),Total,32.5
2019,Romania,(50-54),Total,28.1
2019,Romania,(55-59),Total,24.0
2019,Romania,(60-64),Total,20.3
2019,Romania,(65-69),Total,16.8
2019,Romania,(70-74),Total,13.4
2019,Romania,(75-79),Total,10.3
2019,Romania,(80-84),Total,7.6
2019,Romania,(85-89),Total,5.5
2019,Romania,(0-4),Male,71.4
2019,Romania,(5-9),Male,67.5
2019,Romania,(10-14),Male,62.5
2019,Romania,(15-19),Male,57.6
2019,Romania,(20-24),Male,52.8
2019,Romania,(25-29),Male,47.9
2019,Romania,(30-34),Male,43.2
2019,Romania,(35-39),Male,38.4
2019,Romania,(40-44),Male,33.7
2019,Romania,,Total,75.6
2019,Romania,(0-4),Total,75.0
2019,Romania,(5-9),Total,71.1
2019,Romania,(10-14),Total,66.1
2019,Romania,(15-19),Total,61.2
2019,Romania,(20-24),Total,56.3
2019,Romania,(25-29),Total,51.4
2019,Romania,(30-34),Total,46.6
2019,Romania,(35-39),Total,41.8
2019,Romania,,Female,79.3
2019,Romania,(0-4),Female,78.6
2019,Romania,(5-9),Female,74.7
2019,Romania,(10-14),Female,69.8
2019,Romania,(15-19),Female,64.8
2019,Romania,(20-24),Female,59.9
2019,Moldova (the Republic of),(45-49),Male,27.8
2019,Moldova (the Republic of),(50-54),Male,23.8
2019,Moldova (the Republic of),(55-59),Male,20.0
2019,Moldova (the Republic of),(60-64),Male,16.6
2019,Moldova (the Republic of),(40-44),Female,38.9
2019,Moldova (the Republic of),(45-49),Female,34.2
2019,Moldova (the Republic of),(50-54),Female,29.6
2019,Moldova (the Republic of),(55-59),Female,25.2
2019,Moldova (the Republic of),(60-64),Female,20.9
2019,Moldova (the Republic of),(65-69),Female,16.9
2019,Moldova (the Republic of),(70-74),Female,13.5
2019,Moldova (the Republic of),(75-79),Female,10.1
2019,Moldova (the Republic of),(80-84),Female,7.7
2019,Moldova (the Republic of),(85-89),Female,6.0
2019,Moldova (the Republic of),(65-69),Male,13.7
2019,Moldova (the Republic of),(0-4),Total,73.2
2019,Moldova (the Republic of),(5-9),Total,69.4
2019,Moldova (the Republic of),(10-14),Total,64.5
2019,Moldova (the Republic of),(15-19),Total,59.6
2019,Moldova (the Republic of),(20-24),Total,54.7
2019,Moldova (the Republic of),(25-29),Total,49.8
2019,Moldova (the Republic of),(30-34),Total,45.0
2019,Moldova (the Republic of),(35-39),Total,40.2
2019,Moldova (the Republic of),(40-44),Total,35.6
2019,Moldova (the Republic of),(45-49),Total,31.2
2019,Moldova (the Republic of),(50-54),Total,26.9
2019,Moldova (the Republic of),(55-59),Total,22.8
2019,Moldova (the Republic of),(60-64),Total,19.0
2019,Moldova (the Republic of),(65-69),Total,15.6
2019,Moldova (the Republic of),(70-74),Total,12.8
2019,Moldova (the Republic of),(75-79),Total,9.6
2019,Moldova (the Republic of),(80-84),Total,7.5
2019,Moldova (the Republic of),(85-89),Total,6.2
2019,Moldova (the Republic of),(70-74),Male,11.8
2019,Moldova (the Republic of),(75-79),Male,8.8
2019,Moldova (the Republic of),(80-84),Male,7.3
2019,Moldova (the Republic of),,Male,69.3
2019,Moldova (the Republic of),(0-4),Male,69.3
2019,Moldova (the Republic of),(5-9),Male,65.4
2019,Moldova (the Republic of),(10-14),Male,60.5
2019,Moldova (the Republic of),(15-19),Male,55.6
2019,Moldova (the Republic of),(20-24),Male,50.8
2019,Moldova (the Republic of),(25-29),Male,46.0
2019,Moldova (the Republic of),(30-34),Male,41.2
2019,Moldova (the Republic of),(35-39),Male,36.6
2019,Moldova (the Republic of),(40-44),Male,32.0
2019,Moldova (the Republic of),(25-29),Female,53.4
2019,Moldova (the Republic of),(30-34),Female,48.5
2019,Moldova (the Republic of),(35-39),Female,43.7
2019,Moldova (the Republic of),,Total,73.3
2019,Moldova (the Republic of),(85-89),Male,6.5
2019,Moldova (the Republic of),,Female,77.1
2019,Moldova (the Republic of),(0-4),Female,77.0
2019,Moldova (the Republic of),(5-9),Female,73.2
2019,Moldova (the Republic of),(10-14),Female,68.2
2019,Moldova (the Republic of),(15-19),Female,63.3
2019,Moldova (the Republic of),(20-24),Female,58.4
2019,Portugal,(0-4),Male,77.8
2019,Portugal,(5-9),Male,73.9
2019,Portugal,(10-14),Male,68.9
2019,Portugal,(15-19),Male,63.9
2019,Portugal,(20-24),Male,59.0
2019,Portugal,(25-29),Male,54.1
2019,Portugal,(30-34),Male,49.3
2019,Portugal,(35-39),Male,44.4
2019,Portugal,(40-44),Male,39.6
2019,Portugal,(45-49),Male,34.9
2019,Portugal,(50-54),Male,30.4
2019,Portugal,(55-59),Male,26.1
2019,Portugal,(60-64),Male,22.1
2019,Portugal,(65-69),Male,18.3
2019,Portugal,(70-74),Male,14.6
2019,Portugal,(75-79),Male,11.2
2019,Portugal,(80-84),Male,8.1
2019,Portugal,(85-89),Male,5.5
2019,Portugal,(5-9),Female,79.7
2019,Portugal,(10-14),Female,74.7
2019,Portugal,(15-19),Female,69.7
2019,Portugal,(20-24),Female,64.8
2019,Portugal,(25-29),Female,59.8
2019,Portugal,(30-34),Female,54.9
2019,Portugal,(35-39),Female,50.0
2019,Portugal,(40-44),Female,45.1
2019,Portugal,(45-49),Female,40.3
2019,Portugal,(50-54),Female,35.5
2019,Portugal,(55-59),Female,30.9
2019,Portugal,(60-64),Female,26.3
2019,Portugal,(65-69),Female,21.8
2019,Portugal,(70-74),Female,17.5
2019,Portugal,(75-79),Female,13.4
2019,Portugal,(80-84),Female,9.7
2019,Portugal,(85-89),Female,6.5
2019,Portugal,,Male,78.6
2019,Portugal,,Female,84.4
2019,Portugal,(0-4),Female,83.6
2019,Portugal,(25-29),Total,57.1
2019,Poland,(25-29),Male,50.3
2019,Poland,(30-34),Male,45.5
2019,Poland,(35-39),Male,40.8
2019,Poland,(40-44),Male,36.2
2019,Poland,(45-49),Male,31.6
2019,Poland,(50-54),Male,27.3
2019,Poland,(55-59),Male,23.2
2019,Poland,(60-64),Male,19.5
2019,Poland,(65-69),Male,16.2
2019,Poland,(70-74),Male,13.2
2019,Poland,(75-79),Male,10.3
2019,Poland,(80-84),Male,7.8
2019,Poland,(85-89),Male,5.6
2019,Portugal,(30-34),Total,52.2
2019,Portugal,(35-39),Total,47.3
2019,Portugal,(40-44),Total,42.5
2019,Portugal,,Total,81.6
2019,Poland,(15-19),Female,67.3
2019,Poland,(20-24),Female,62.4
2019,Poland,(25-29),Female,57.4
2019,Poland,(30-34),Female,52.5
2019,Poland,(35-39),Female,47.6
2019,Poland,(40-44),Female,42.7
2019,Poland,(45-49),Female,37.9
2019,Poland,(50-54),Female,33.2
2019,Poland,(55-59),Female,28.7
2019,Poland,(60-64),Female,24.3
2019,Poland,(65-69),Female,20.2
2019,Poland,(70-74),Female,16.3
2019,Poland,(75-79),Female,12.6
2019,Poland,(80-84),Female,9.2
2019,Poland,(85-89),Female,6.3
2019,Portugal,(0-4),Total,80.8
2019,Portugal,(5-9),Total,76.9
2019,Portugal,(10-14),Total,71.9
2019,Portugal,(15-19),Total,66.9
2019,Portugal,(20-24),Total,62.0
2019,Poland,,Female,81.9
2019,Poland,(0-4),Female,81.2
2019,Poland,(5-9),Female,77.2
2019,Poland,(10-14),Female,72.3
2019,Portugal,(45-49),Total,37.7
2019,Portugal,(50-54),Total,33.1
2019,Portugal,(55-59),Total,28.6
2019,Portugal,(60-64),Total,24.3
2019,Portugal,(65-69),Total,20.2
2019,Portugal,(70-74),Total,16.2
2019,Portugal,(75-79),Total,12.4
2019,Portugal,(80-84),Total,9.0
2019,Portugal,(85-89),Total,6.1
2019,Poland,,Male,74.5
2019,Poland,(0-4),Male,73.8
2019,Poland,(5-9),Male,69.9
2019,Poland,(10-14),Male,64.9
2019,Poland,(15-19),Male,59.9
2019,Poland,(20-24),Male,55.1
2019,Poland,(25-29),Total,53.9
2019,Poland,(30-34),Total,49.1
2019,Poland,(35-39),Total,44.3
2019,Poland,(40-44),Total,39.5
2019,Poland,(45-49),Total,34.9
2019,Poland,(50-54),Total,30.4
2019,Poland,(55-59),Total,26.1
2019,Poland,(60-64),Total,22.1
2019,Poland,(65-69),Total,18.4
2019,Poland,(70-74),Total,15.0
2019,Poland,(75-79),Total,11.7
2019,Poland,(80-84),Total,8.7
2019,Poland,(85-89),Total,6.1
2019,Poland,,Total,78.3
2019,Poland,(0-4),Total,77.5
2019,Poland,(5-9),Total,73.6
2019,Poland,(10-14),Total,68.6
2019,Poland,(15-19),Total,63.7
2019,Poland,(20-24),Total,58.8
2019,Norway,(25-29),Male,56.5
2019,Norway,(30-34),Male,51.7
2019,Norway,(30-34),Female,54.5
2019,Norway,(35-39),Female,49.6
2019,Norway,(40-44),Female,44.7
2019,Norway,(45-49),Female,39.8
2019,Norway,(50-54),Female,35.0
2019,Norway,(55-59),Female,30.3
2019,Norway,(60-64),Female,25.8
2019,Norway,(65-69),Female,21.3
2019,Norway,(70-74),Female,17.1
2019,Norway,(75-79),Female,13.1
2019,Norway,(80-84),Female,9.4
2019,Norway,(85-89),Female,6.2
2019,Norway,(35-39),Male,46.9
2019,Norway,(40-44),Male,42.0
2019,Norway,(45-49),Male,37.2
2019,Norway,(10-14),Total,72.8
2019,Norway,(15-19),Total,67.9
2019,Norway,(20-24),Total,62.9
2019,Norway,(25-29),Total,58.0
2019,Norway,(30-34),Total,53.1
2019,Norway,(35-39),Total,48.3
2019,Norway,(40-44),Total,43.4
2019,Norway,(45-49),Total,38.6
2019,Norway,(50-54),Total,33.8
2019,Norway,(55-59),Total,29.2
2019,Norway,(60-64),Total,24.7
2019,Norway,(65-69),Total,20.3
2019,Norway,(70-74),Total,16.3
2019,Norway,(75-79),Total,12.4
2019,Norway,(80-84),Total,8.9
2019,Norway,(85-89),Total,5.9
2019,Norway,(50-54),Male,32.5
2019,Norway,(55-59),Male,27.9
2019,Norway,(60-64),Male,23.5
2019,Norway,(65-69),Male,19.2
2019,Norway,(70-74),Male,15.3
2019,Norway,(75-79),Male,11.6
2019,Norway,,Male,81.1
2019,Republic of North Macedonia,(30-34),Male,43.8
2019,Republic of North Macedonia,(35-39),Male,39.0
2019,Republic of North Macedonia,(40-44),Male,34.2
2019,Republic of North Macedonia,(45-49),Male,29.5
2019,Republic of North Macedonia,(50-54),Male,25.1
2019,Republic of North Macedonia,(55-59),Male,20.8
2019,Republic of North Macedonia,(60-64),Male,17.0
2019,Republic of North Macedonia,(65-69),Male,13.5
2019,Republic of North Macedonia,(70-74),Male,10.2
2019,Republic of North Macedonia,(75-79),Male,7.3
2019,Republic of North Macedonia,(80-84),Male,4.9
2019,Republic of North Macedonia,(85-89),Male,3.2
2019,Norway,(0-4),Male,80.3
2019,Norway,(5-9),Male,76.3
2019,Norway,(10-14),Male,71.3
2019,Norway,(15-19),Male,66.3
2019,Norway,(20-24),Male,61.4
2019,Norway,(25-29),Female,59.5
2019,Norway,,Total,82.6
2019,Norway,(0-4),Total,81.8
2019,Norway,(5-9),Total,77.8
2019,Republic of North Macedonia,,Male,72.8
2019,Republic of North Macedonia,(0-4),Male,72.3
2019,Republic of North Macedonia,(5-9),Male,68.3
2019,Republic of North Macedonia,(10-14),Male,63.4
2019,Republic of North Macedonia,(15-19),Male,58.4
2019,Republic of North Macedonia,(20-24),Male,53.5
2019,Republic of North Macedonia,(25-29),Male,48.7
2019,Norway,(80-84),Male,8.3
2019,Norway,(85-89),Male,5.5
2019,Norway,,Female,84.1
2019,Norway,(0-4),Female,83.3
2019,Norway,(5-9),Female,79.3
2019,Norway,(10-14),Female,74.3
2019,Norway,(15-19),Female,69.4
2019,Norway,(20-24),Female,64.4
2019,Republic of North Macedonia,(25-29),Female,52.5
2019,Republic of North Macedonia,(25-29),Total,50.6
2019,Republic of North Macedonia,(30-34),Total,45.7
2019,Republic of North Macedonia,(35-39),Total,40.8
2019,Republic of North Macedonia,(40-44),Total,36.0
2019,Republic of North Macedonia,(45-49),Total,31.3
2019,Republic of North Macedonia,(50-54),Total,26.7
2019,Republic of North Macedonia,(55-59),Total,22.4
2019,Republic of North Macedonia,(60-64),Total,18.3
2019,Republic of North Macedonia,(65-69),Total,14.6
2019,Republic of North Macedonia,(70-74),Total,11.0
2019,Republic of North Macedonia,(75-79),Total,7.9
2019,Republic of North Macedonia,(80-84),Total,5.2
2019,Republic of North Macedonia,(85-89),Total,3.4
2019,Republic of North Macedonia,(30-34),Female,47.6
2019,Republic of North Macedonia,(35-39),Female,42.7
2019,Republic of North Macedonia,(40-44),Female,37.9
2019,Republic of North Macedonia,(45-49),Female,33.1
2019,Republic of North Macedonia,(50-54),Female,28.4
2019,Republic of North Macedonia,(55-59),Female,23.9
2019,Republic of North Macedonia,(60-64),Female,19.6
2019,Republic of North Macedonia,(65-69),Female,15.5
2019,Republic of North Macedonia,(70-74),Female,11.7
2019,Republic of North Macedonia,(75-79),Female,8.3
2019,Republic of North Macedonia,(80-84),Female,5.4
2019,Republic of North Macedonia,(85-89),Female,3.5
2019,Republic of North Macedonia,,Female,76.9
2019,Republic of North Macedonia,(0-4),Female,76.3
2019,Republic of North Macedonia,(5-9),Female,72.3
2019,Republic of North Macedonia,(10-14),Female,67.3
2019,Republic of North Macedonia,(15-19),Female,62.4
2019,Republic of North Macedonia,(20-24),Female,57.5
2019,Republic of North Macedonia,,Total,74.8
2019,Republic of North Macedonia,(0-4),Total,74.2
2019,Republic of North Macedonia,(5-9),Total,70.3
2019,Republic of North Macedonia,(10-14),Total,65.3
2019,Republic of North Macedonia,(15-19),Total,60.4
2019,Republic of North Macedonia,(20-24),Total,55.5
2019,Netherlands,(25-29),Male,56.0
2019,Netherlands,(50-54),Male,31.9
2019,Netherlands,(55-59),Male,27.3
2019,Netherlands,(60-64),Male,23.0
2019,Netherlands,(65-69),Male,18.8
2019,Netherlands,(70-74),Male,15.0
2019,Netherlands,(75-79),Male,11.5
2019,Netherlands,(80-84),Male,8.2
2019,Netherlands,(85-89),Male,5.6
2019,Netherlands,(15-19),Female,68.5
2019,Netherlands,(20-24),Female,63.5
2019,Netherlands,(25-29),Female,58.6
2019,Netherlands,(30-34),Female,53.7
2019,Netherlands,(35-39),Female,48.7
2019,Netherlands,(40-44),Female,43.8
2019,Netherlands,(45-49),Female,39.0
2019,Netherlands,(50-54),Female,34.2
2019,Netherlands,(55-59),Female,29.6
2019,Netherlands,(60-64),Female,25.1
2019,Netherlands,(65-69),Female,20.9
2019,Netherlands,(70-74),Female,16.7
2019,Netherlands,(75-79),Female,12.9
2019,Netherlands,(80-84),Female,9.3
2019,Netherlands,(85-89),Female,6.1
2019,Netherlands,,Male,80.4
2019,Netherlands,(0-4),Male,79.7
2019,Netherlands,(5-9),Male,75.8
2019,Netherlands,(10-14),Male,70.8
2019,Netherlands,(15-19),Male,65.8
2019,Netherlands,(20-24),Male,60.9
2019,Netherlands,(30-34),Male,51.1
2019,Netherlands,(35-39),Male,46.2
2019,Netherlands,(40-44),Male,41.4
2019,Netherlands,(45-49),Male,36.6
2019,Netherlands,,Female,83.1
2019,Netherlands,(85-89),Total,6.0
2019,Netherlands,(0-4),Female,82.4
2019,Netherlands,(5-9),Female,78.5
2019,Netherlands,(10-14),Female,73.5
2019,Netherlands,(65-69),Total,19.9
2019,Netherlands,(70-74),Total,15.9
2019,Netherlands,(75-79),Total,12.2
2019,Netherlands,(80-84),Total,8.8
2019,Netherlands,,Total,81.8
2019,Netherlands,(0-4),Total,81.1
2019,Netherlands,(5-9),Total,77.1
2019,Netherlands,(10-14),Total,72.1
2019,Netherlands,(15-19),Total,67.2
2019,Netherlands,(20-24),Total,62.2
2019,Netherlands,(25-29),Total,57.3
2019,Netherlands,(30-34),Total,52.4
2019,Netherlands,(35-39),Total,47.5
2019,Netherlands,(40-44),Total,42.6
2019,Netherlands,(45-49),Total,37.8
2019,Netherlands,(50-54),Total,33.1
2019,Netherlands,(55-59),Total,28.5
2019,Netherlands,(60-64),Total,24.1
2019,Montenegro,(50-54),Male,25.3
2019,Montenegro,(25-29),Female,54.0
2019,Montenegro,(30-34),Female,49.1
2019,Montenegro,(35-39),Female,44.3
2019,Montenegro,(40-44),Female,39.4
2019,Montenegro,(45-49),Female,34.7
2019,Montenegro,(50-54),Female,30.1
2019,Montenegro,(55-59),Female,25.6
2019,Montenegro,(60-64),Female,21.3
2019,Montenegro,(55-59),Male,21.2
2019,Montenegro,,Male,73.2
2019,Montenegro,(75-79),Female,10.1
2019,Montenegro,(80-84),Female,7.1
2019,Montenegro,(85-89),Female,5.0
2019,Montenegro,(0-4),Male,72.3
2019,Montenegro,(5-9),Male,68.3
2019,Montenegro,(10-14),Male,63.4
2019,Montenegro,(60-64),Male,17.4
2019,Montenegro,(65-69),Male,14.0
2019,Montenegro,(20-24),Total,56.2
2019,Montenegro,(25-29),Total,51.3
2019,Montenegro,(30-34),Total,46.5
2019,Montenegro,(35-39),Total,41.7
2019,Montenegro,(40-44),Total,36.9
2019,Montenegro,(45-49),Total,32.2
2019,Montenegro,(50-54),Total,27.7
2019,Montenegro,(55-59),Total,23.4
2019,Montenegro,(60-64),Total,19.4
2019,Montenegro,(65-69),Total,15.7
2019,Montenegro,(70-74),Total,12.4
2019,Montenegro,(75-79),Total,9.4
2019,Montenegro,(80-84),Total,6.8
2019,Montenegro,(85-89),Total,4.7
2019,Montenegro,(70-74),Male,11.1
2019,Montenegro,(75-79),Male,8.4
2019,Montenegro,(80-84),Male,6.2
2019,Montenegro,(85-89),Male,4.3
2019,Montenegro,(15-19),Male,58.4
2019,Montenegro,(20-24),Male,53.5
2019,Montenegro,(25-29),Male,48.7
2019,Montenegro,(30-34),Male,43.9
2019,Montenegro,(35-39),Male,39.1
2019,Montenegro,(40-44),Male,34.4
2019,Montenegro,(45-49),Male,29.8
2019,Montenegro,(65-69),Female,17.2
2019,Montenegro,(70-74),Female,13.4
2019,Montenegro,,Total,75.9
2019,Montenegro,(0-4),Total,75.0
2019,Montenegro,(5-9),Total,71.0
2019,Montenegro,(10-14),Total,66.1
2019,Montenegro,(15-19),Total,61.1
2019,Montenegro,,Female,78.7
2019,Montenegro,(0-4),Female,77.8
2019,Montenegro,(5-9),Female,73.8
2019,Montenegro,(10-14),Female,68.9
2019,Montenegro,(15-19),Female,63.9
2019,Montenegro,(20-24),Female,58.9
2019,Malta,(25-29),Male,55.9
2019,Malta,(30-34),Male,51.1
2019,Malta,(35-39),Male,46.2
2019,Malta,(40-44),Male,41.4
2019,Malta,(45-49),Male,36.6
2019,Malta,(50-54),Male,31.9
2019,Malta,(55-59),Male,27.4
2019,Malta,(60-64),Male,23.0
2019,Malta,(65-69),Male,18.9
2019,Malta,(70-74),Male,15.0
2019,Malta,(75-79),Male,11.4
2019,Malta,(80-84),Male,8.2
2019,Malta,(85-89),Male,5.4
2019,Malta,,Male,79.9
2019,Malta,(0-4),Male,79.6
2019,Malta,(5-9),Male,75.7
2019,Malta,(10-14),Male,70.7
2019,Malta,(15-19),Male,65.7
2019,Malta,(20-24),Male,60.8
2019,Malta,,Female,83.8
2019,Malta,(0-4),Female,83.2
2019,Malta,(5-9),Female,79.3
2019,Malta,(10-14),Female,74.3
2019,Malta,(15-19),Female,69.3
2019,Malta,(20-24),Female,64.4
2019,Malta,(50-54),Total,33.5
2019,Malta,(55-59),Total,28.9
2019,Malta,(60-64),Total,24.5
2019,Malta,(65-69),Total,20.2
2019,Malta,(70-74),Total,16.2
2019,Malta,(75-79),Total,12.4
2019,Malta,(80-84),Total,8.9
2019,Malta,(85-89),Total,6.0
2019,Malta,(25-29),Female,59.4
2019,Malta,(30-34),Female,54.4
2019,Malta,(35-39),Female,49.5
2019,Malta,(40-44),Female,44.7
2019,Malta,(45-49),Female,39.8
2019,Malta,(50-54),Female,35.0
2019,Malta,(55-59),Female,30.4
2019,Malta,(60-64),Female,25.9
2019,Malta,(65-69),Female,21.4
2019,Malta,(70-74),Female,17.1
2019,Malta,(75-79),Female,13.1
2019,Malta,(80-84),Female,9.4
2019,Malta,(85-89),Female,6.3
2019,Malta,(25-29),Total,57.7
2019,Malta,(30-34),Total,52.8
2019,Malta,(35-39),Total,47.9
2019,Malta,(40-44),Total,43.1
2019,Malta,(45-49),Total,38.2
2019,Malta,,Total,81.9
2019,Malta,(0-4),Total,81.4
2019,Malta,(5-9),Total,77.5
2019,Malta,(10-14),Total,72.5
2019,Malta,(15-19),Total,67.6
2019,Malta,(20-24),Total,62.6
2019,Luxembourg,(55-59),Male,27.4
2019,Luxembourg,(60-64),Male,22.9
2019,Luxembourg,(65-69),Male,18.8
2019,Luxembourg,(70-74),Male,15.2
2019,Luxembourg,(75-79),Male,11.8
2019,Luxembourg,(80-84),Male,8.7
2019,Luxembourg,(85-89),Male,5.9
2019,Luxembourg,(25-29),Male,56.1
2019,Luxembourg,(60-64),Female,25.8
2019,Luxembourg,(65-69),Female,21.4
2019,Luxembourg,(30-34),Male,51.1
2019,Luxembourg,(35-39),Male,46.2
2019,Luxembourg,(40-44),Male,41.4
2019,Luxembourg,(45-49),Male,36.6
2019,Luxembourg,(50-54),Male,31.9
2019,Luxembourg,,Male,80.6
2019,Luxembourg,(0-4),Male,79.8
2019,Luxembourg,(5-9),Male,75.9
2019,Luxembourg,(10-14),Male,70.9
2019,Luxembourg,(15-19),Male,65.9
2019,Luxembourg,(20-24),Male,61.0
2019,Luxembourg,(70-74),Female,17.2
2019,Luxembourg,(75-79),Female,13.3
2019,Luxembourg,(80-84),Female,9.8
2019,Luxembourg,(85-89),Female,6.6
2019,Luxembourg,(50-54),Total,33.5
2019,Luxembourg,(55-59),Total,28.9
2019,Luxembourg,(60-64),Total,24.4
2019,Luxembourg,(65-69),Total,20.1
2019,Luxembourg,(70-74),Total,16.3
2019,Luxembourg,(75-79),Total,12.7
2019,Luxembourg,(80-84),Total,9.3
2019,Luxembourg,(85-89),Total,6.3
2019,Luxembourg,,Total,82.4
2019,Luxembourg,(0-4),Total,81.6
2019,Luxembourg,,Female,84.2
2019,Lithuania,(10-14),Male,61.6
2019,Lithuania,(15-19),Male,56.7
2019,Lithuania,(20-24),Male,51.8
2019,Lithuania,(25-29),Male,47.0
2019,Lithuania,(30-34),Male,42.4
2019,Lithuania,(35-39),Male,37.8
2019,Lithuania,(40-44),Male,33.4
2019,Lithuania,(45-49),Male,29.2
2019,Lithuania,(50-54),Male,25.1
2019,Lithuania,(55-59),Male,21.2
2019,Lithuania,(60-64),Male,17.6
2019,Lithuania,(65-69),Male,14.4
2019,Lithuania,(70-74),Male,11.6
2019,Lithuania,(75-79),Male,9.2
2019,Lithuania,(80-84),Male,6.8
2019,Lithuania,(85-89),Male,4.7
2019,Luxembourg,(0-4),Female,83.4
2019,Luxembourg,(5-9),Female,79.4
2019,Luxembourg,(10-14),Female,74.4
2019,Luxembourg,(15-19),Female,69.4
2019,Luxembourg,(20-24),Female,64.5
2019,Luxembourg,(25-29),Female,59.5
2019,Luxembourg,(30-34),Female,54.6
2019,Luxembourg,(35-39),Female,49.6
2019,Luxembourg,(40-44),Female,44.7
2019,Luxembourg,(45-49),Female,39.8
2019,Luxembourg,(50-54),Female,35.1
2019,Luxembourg,(55-59),Female,30.4
2019,Luxembourg,(35-39),Total,47.9
2019,Luxembourg,(40-44),Total,43.1
2019,Luxembourg,(45-49),Total,38.2
2019,Lithuania,,Male,71.2
2019,Lithuania,(0-4),Male,70.5
2019,Lithuania,(5-9),Male,66.6
2019,Luxembourg,(5-9),Total,77.6
2019,Luxembourg,(10-14),Total,72.6
2019,Luxembourg,(15-19),Total,67.7
2019,Luxembourg,(20-24),Total,62.7
2019,Luxembourg,(25-29),Total,57.8
2019,Luxembourg,(30-34),Total,52.9
2019,Lithuania,(60-64),Female,23.5
2019,Lithuania,(25-29),Total,51.7
2019,Lithuania,(30-34),Total,46.9
2019,Lithuania,(35-39),Total,42.3
2019,Lithuania,(40-44),Total,37.8
2019,Lithuania,(45-49),Total,33.3
2019,Lithuania,(65-69),Female,19.3
2019,Lithuania,(70-74),Female,15.3
2019,Lithuania,(75-79),Female,11.6
2019,Lithuania,(80-84),Female,8.2
2019,Lithuania,(85-89),Female,5.3
2019,Lithuania,,Female,80.4
2019,Lithuania,(80-84),Total,7.8
2019,Lithuania,(85-89),Total,5.2
2019,Lithuania,(0-4),Female,79.7
2019,Lithuania,(5-9),Female,75.7
2019,Lithuania,(10-14),Female,70.8
2019,Lithuania,(15-19),Female,65.8
2019,Lithuania,(20-24),Female,60.9
2019,Lithuania,(25-29),Female,56.0
2019,Lithuania,(30-34),Female,51.1
2019,Lithuania,(35-39),Female,46.3
2019,Lithuania,(40-44),Female,41.6
2019,Lithuania,(45-49),Female,36.9
2019,Lithuania,(50-54),Female,32.3
2019,Lithuania,(55-59),Female,27.8
2019,Lithuania,(50-54),Total,29.0
2019,Lithuania,(55-59),Total,24.9
2019,Lithuania,(60-64),Total,20.9
2019,Lithuania,(65-69),Total,17.3
2019,Lithuania,(70-74),Total,13.9
2019,Lithuania,(75-79),Total,10.8
2019,Lithuania,,Total,76.0
2019,Lithuania,(0-4),Total,75.3
2019,Lithuania,(5-9),Total,71.3
2019,Lithuania,(10-14),Total,66.4
2019,Lithuania,(15-19),Total,61.4
2019,Lithuania,(20-24),Total,56.5
2019,Latvia,,Male,70.6
2019,Latvia,(0-4),Male,69.8
2019,Latvia,(5-9),Male,65.8
2019,Latvia,(10-14),Male,60.8
2019,Latvia,(15-19),Male,55.9
2019,Latvia,(20-24),Male,51.1
2019,Latvia,(25-29),Male,46.3
2019,Latvia,(30-34),Male,41.6
2019,Latvia,(35-39),Male,37.2
2019,Latvia,(40-44),Male,32.7
2019,Latvia,(45-49),Male,28.5
2019,Latvia,(50-54),Male,24.4
2019,Latvia,(55-59),Male,20.6
2019,Latvia,(60-64),Male,17.2
2019,Latvia,(65-69),Male,14.1
2019,Latvia,(70-74),Male,11.4
2019,Latvia,(75-79),Male,9.0
2019,Latvia,(80-84),Male,6.7
2019,Latvia,(85-89),Male,4.7
2019,Latvia,,Female,79.8
2019,Latvia,(0-4),Female,79.0
2019,Latvia,(5-9),Female,75.0
2019,Latvia,(10-14),Female,70.1
2019,Latvia,(15-19),Female,65.1
2019,Latvia,(20-24),Female,60.2
2019,Latvia,(25-29),Female,55.3
2019,Latvia,(30-34),Female,50.4
2019,Latvia,(35-39),Female,45.6
2019,Latvia,(40-44),Female,40.8
2019,Latvia,(45-49),Female,36.2
2019,Latvia,(50-54),Female,31.6
2019,Latvia,(55-59),Female,27.2
2019,Latvia,(60-64),Female,23.0
2019,Latvia,(65-69),Female,18.9
2019,Latvia,(70-74),Female,15.0
2019,Latvia,(75-79),Female,11.4
2019,Latvia,(80-84),Female,8.1
2019,Latvia,(85-89),Female,5.2
2019,Latvia,,Total,75.4
2019,Latvia,(0-4),Total,74.5
2019,Latvia,(5-9),Total,70.6
2019,Latvia,(10-14),Total,65.6
2019,Latvia,(15-19),Total,60.7
2019,Latvia,(20-24),Total,55.8
2019,Latvia,(25-29),Total,51.0
2019,Latvia,(30-34),Total,46.2
2019,Latvia,(35-39),Total,41.6
2019,Latvia,(40-44),Total,37.0
2019,Latvia,(45-49),Total,32.6
2019,Latvia,(50-54),Total,28.3
2019,Latvia,(55-59),Total,24.3
2019,Latvia,(60-64),Total,20.5
2019,Latvia,(65-69),Total,17.0
2019,Latvia,(70-74),Total,13.7
2019,Latvia,(75-79),Total,10.6
2019,Latvia,(80-84),Total,7.7
2019,Latvia,(85-89),Total,5.1
2019,Kyrgyzstan,,Male,70.7
2019,Kyrgyzstan,(0-4),Male,71.2
2019,Kyrgyzstan,(5-9),Male,67.3
2019,Kyrgyzstan,(10-14),Male,62.4
2019,Kyrgyzstan,(15-19),Male,57.5
2019,Kyrgyzstan,(20-24),Male,52.7
2019,Kyrgyzstan,(25-29),Male,48.0
2019,Kyrgyzstan,(30-34),Male,43.2
2019,Kyrgyzstan,(35-39),Male,38.5
2019,Kyrgyzstan,(40-44),Male,34.0
2019,Kyrgyzstan,(45-49),Male,29.8
2019,Kyrgyzstan,(50-54),Male,25.6
2019,Kyrgyzstan,(55-59),Male,21.6
2019,Kyrgyzstan,(60-64),Male,17.8
2019,Kyrgyzstan,(65-69),Male,14.2
2019,Kyrgyzstan,(70-74),Male,11.3
2019,Kyrgyzstan,(75-79),Male,8.4
2019,Kyrgyzstan,(80-84),Male,6.6
2019,Kyrgyzstan,(85-89),Male,5.9
2019,Kyrgyzstan,,Female,77.3
2019,Kyrgyzstan,(0-4),Female,77.5
2019,Kyrgyzstan,(5-9),Female,73.7
2019,Kyrgyzstan,(10-14),Female,68.7
2019,Kyrgyzstan,(15-19),Female,63.8
2019,Kyrgyzstan,(20-24),Female,59.0
2019,Kyrgyzstan,(25-29),Female,54.1
2019,Kyrgyzstan,(30-34),Female,49.2
2019,Kyrgyzstan,(35-39),Female,44.4
2019,Kyrgyzstan,(40-44),Female,39.7
2019,Kyrgyzstan,(45-49),Female,35.1
2019,Kyrgyzstan,(50-54),Female,30.5
2019,Kyrgyzstan,(55-59),Female,25.9
2019,Kyrgyzstan,(60-64),Female,21.7
2019,Kyrgyzstan,(65-69),Female,17.6
2019,Kyrgyzstan,(70-74),Female,13.9
2019,Kyrgyzstan,(75-79),Female,10.5
2019,Kyrgyzstan,(80-84),Female,7.9
2019,Kyrgyzstan,(85-89),Female,6.5
2019,Kyrgyzstan,,Total,74.2
2019,Kyrgyzstan,(0-4),Total,74.5
2019,Kyrgyzstan,(5-9),Total,70.7
2019,Kyrgyzstan,(10-14),Total,65.7
2019,Kyrgyzstan,(15-19),Total,60.9
2019,Kyrgyzstan,(20-24),Total,56.0
2019,Kyrgyzstan,(25-29),Total,51.2
2019,Kyrgyzstan,(30-34),Total,46.4
2019,Kyrgyzstan,(35-39),Total,41.7
2019,Kyrgyzstan,(40-44),Total,37.0
2019,Kyrgyzstan,(45-49),Total,32.7
2019,Kyrgyzstan,(50-54),Total,28.3
2019,Kyrgyzstan,(55-59),Total,24.0
2019,Kyrgyzstan,(60-64),Total,20.0
2019,Kyrgyzstan,(65-69),Total,16.2
2019,Kyrgyzstan,(70-74),Total,12.9
2019,Kyrgyzstan,(75-79),Total,9.7
2019,Kyrgyzstan,(80-84),Total,7.5
2019,Kyrgyzstan,(85-89),Total,6.3
2019,Kazakhstan,,Male,70.0
2019,Kazakhstan,(0-4),Male,69.7
2019,Kazakhstan,(5-9),Male,65.8
2019,Kazakhstan,(10-14),Male,60.9
2019,Kazakhstan,(15-19),Male,56.0
2019,Kazakhstan,(20-24),Male,51.2
2019,Kazakhstan,(25-29),Male,46.5
2019,Kazakhstan,(30-34),Male,41.8
2019,Kazakhstan,(35-39),Male,37.2
2019,Kazakhstan,(40-44),Male,32.8
2019,Kazakhstan,(45-49),Male,28.6
2019,Kazakhstan,(50-54),Male,24.5
2019,Kazakhstan,(55-59),Male,20.6
2019,Kazakhstan,(60-64),Male,16.8
2019,Kazakhstan,(65-69),Male,13.6
2019,Kazakhstan,(70-74),Male,11.1
2019,Kazakhstan,(75-79),Male,8.6
2019,Kazakhstan,(80-84),Male,6.8
2019,Kazakhstan,(85-89),Male,5.1
2019,Kazakhstan,,Female,77.6
2019,Kazakhstan,(0-4),Female,77.3
2019,Kazakhstan,(5-9),Female,73.3
2019,Kazakhstan,(10-14),Female,68.4
2019,Kazakhstan,(15-19),Female,63.5
2019,Kazakhstan,(20-24),Female,58.6
2019,Kazakhstan,(25-29),Female,53.8
2019,Kazakhstan,(30-34),Female,48.9
2019,Kazakhstan,(35-39),Female,44.1
2019,Kazakhstan,(40-44),Female,39.4
2019,Kazakhstan,(45-49),Female,34.8
2019,Kazakhstan,(50-54),Female,30.2
2019,Kazakhstan,(55-59),Female,25.7
2019,Kazakhstan,(60-64),Female,21.4
2019,Kazakhstan,(65-69),Female,17.3
2019,Kazakhstan,(70-74),Female,13.6
2019,Kazakhstan,(75-79),Female,10.1
2019,Kazakhstan,(80-84),Female,7.1
2019,Kazakhstan,(85-89),Female,4.6
2019,Kazakhstan,,Total,74.0
2019,Kazakhstan,(0-4),Total,73.7
2019,Kazakhstan,(5-9),Total,69.7
2019,Kazakhstan,(10-14),Total,64.8
2019,Kazakhstan,(15-19),Total,59.9
2019,Kazakhstan,(20-24),Total,55.1
2019,Kazakhstan,(25-29),Total,50.3
2019,Kazakhstan,(30-34),Total,45.5
2019,Kazakhstan,(35-39),Total,40.8
2019,Kazakhstan,(40-44),Total,36.3
2019,Kazakhstan,(45-49),Total,31.9
2019,Kazakhstan,(85-89),Total,4.7
2019,Kazakhstan,(80-84),Total,7.0
2019,Kazakhstan,(75-79),Total,9.6
2019,Kazakhstan,(70-74),Total,12.7
2019,Kazakhstan,(65-69),Total,15.8
2019,Kazakhstan,(60-64),Total,19.5
2019,Kazakhstan,(55-59),Total,23.4
2019,Kazakhstan,(50-54),Total,27.6
2019,Italy,(40-44),Male,41.8
2019,Italy,(25-29),Female,60.3
2019,Italy,(30-34),Female,55.3
2019,Italy,(35-39),Female,50.4
2019,Italy,(40-44),Female,45.5
2019,Italy,(45-49),Female,40.6
2019,Italy,(50-54),Female,35.8
2019,Italy,(55-59),Female,31.1
2019,Italy,(60-64),Female,26.5
2019,Italy,(65-69),Female,22.0
2019,Italy,(70-74),Female,17.7
2019,Italy,(75-79),Female,13.6
2019,Italy,(80-84),Female,9.8
2019,Italy,(85-89),Female,6.5
2019,Italy,(45-49),Male,37.0
2019,Italy,(50-54),Male,32.3
2019,Italy,(55-59),Male,27.7
2019,Italy,(60-64),Male,23.4
2019,Italy,(65-69),Male,19.2
2019,Italy,,Male,80.9
2019,Italy,(0-4),Male,80.2
2019,Italy,(5-9),Male,76.2
2019,Italy,(10-14),Male,71.2
2019,Italy,(15-19),Male,66.3
2019,Italy,(45-49),Total,38.9
2019,Italy,(50-54),Total,34.2
2019,Italy,(55-59),Total,29.5
2019,Italy,(60-64),Total,25.0
2019,Italy,(65-69),Total,20.7
2019,Italy,(70-74),Total,16.6
2019,Italy,(75-79),Total,12.8
2019,Italy,(80-84),Total,9.2
2019,Italy,(85-89),Total,6.2
2019,Italy,(20-24),Male,61.3
2019,Italy,(25-29),Male,56.4
2019,Italy,(30-34),Male,51.5
2019,Italy,(35-39),Male,46.7
2019,Italy,,Total,83.0
2019,Italy,(0-4),Total,82.2
2019,Italy,(5-9),Total,78.2
2019,Italy,(10-14),Total,73.3
2019,Israel,(35-39),Male,46.7
2019,Israel,(40-44),Male,41.9
2019,Israel,(45-49),Male,37.1
2019,Israel,(50-54),Male,32.5
2019,Israel,(55-59),Male,27.9
2019,Israel,(60-64),Male,23.6
2019,Israel,(65-69),Male,19.5
2019,Israel,(70-74),Male,15.6
2019,Israel,(75-79),Male,12.0
2019,Israel,(80-84),Male,8.9
2019,Israel,(85-89),Male,6.1
2019,Italy,(15-19),Total,68.3
2019,Italy,(20-24),Total,63.4
2019,Italy,(70-74),Male,15.3
2019,Italy,(75-79),Male,11.7
2019,Italy,(25-29),Total,58.4
2019,Italy,(30-34),Total,53.5
2019,Italy,(35-39),Total,48.6
2019,Italy,(40-44),Total,43.7
2019,Italy,(80-84),Male,8.4
2019,Italy,(85-89),Male,5.6
2019,Israel,(45-49),Female,40.2
2019,Israel,(50-54),Female,35.3
2019,Israel,(55-59),Female,30.6
2019,Israel,(60-64),Female,26.0
2019,Israel,(65-69),Female,21.6
2019,Israel,(70-74),Female,17.3
2019,Israel,(75-79),Female,13.3
2019,Israel,(80-84),Female,9.6
2019,Israel,(85-89),Female,6.4
2019,Italy,,Female,84.9
2019,Israel,(0-4),Total,81.9
2019,Israel,(5-9),Total,77.9
2019,Israel,(10-14),Total,73.0
2019,Israel,(15-19),Total,68.0
2019,Israel,(20-24),Total,63.1
2019,Israel,(25-29),Total,58.2
2019,Israel,(30-34),Total,53.3
2019,Israel,(35-39),Total,48.4
2019,Israel,(40-44),Total,43.5
2019,Israel,(45-49),Total,38.7
2019,Israel,(50-54),Total,34.0
2019,Israel,(55-59),Total,29.3
2019,Israel,(60-64),Total,24.9
2019,Israel,(65-69),Total,20.6
2019,Israel,(70-74),Total,16.5
2019,Israel,(75-79),Total,12.7
2019,Israel,(80-84),Total,9.3
2019,Israel,(85-89),Total,6.3
2019,Italy,(0-4),Female,84.1
2019,Italy,(5-9),Female,80.1
2019,Italy,(10-14),Female,75.2
2019,Italy,(15-19),Female,70.2
2019,Italy,(20-24),Female,65.2
2019,Israel,(20-24),Male,61.3
2019,Ireland,(25-29),Male,55.8
2019,Ireland,(30-34),Male,51.0
2019,Ireland,(35-39),Male,46.1
2019,Ireland,(40-44),Male,41.3
2019,Ireland,(45-49),Male,36.6
2019,Ireland,(50-54),Male,31.9
2019,Ireland,(55-59),Male,27.4
2019,Ireland,(60-64),Male,23.0
2019,Ireland,(65-69),Male,18.8
2019,Ireland,(70-74),Male,14.8
2019,Ireland,(75-79),Male,11.2
2019,Ireland,(80-84),Male,8.0
2019,Ireland,(85-89),Male,5.3
2019,Israel,(25-29),Male,56.4
2019,Israel,(30-34),Male,51.6
2019,Israel,,Female,84.4
2019,Ireland,(10-14),Female,73.8
2019,Ireland,(15-19),Female,68.8
2019,Ireland,(20-24),Female,63.8
2019,Ireland,(25-29),Female,58.9
2019,Ireland,(30-34),Female,53.9
2019,Ireland,(35-39),Female,49.0
2019,Ireland,(40-44),Female,44.1
2019,Ireland,(45-49),Female,39.3
2019,Ireland,(50-54),Female,34.5
2019,Ireland,(55-59),Female,29.8
2019,Ireland,(60-64),Female,25.3
2019,Ireland,(65-69),Female,20.9
2019,Israel,(0-4),Female,83.6
2019,Israel,(5-9),Female,79.6
2019,Israel,(10-14),Female,74.6
2019,Israel,(15-19),Female,69.7
2019,Israel,(20-24),Female,64.7
2019,Israel,(25-29),Female,59.8
2019,Israel,(30-34),Female,54.8
2019,Israel,(35-39),Female,49.9
2019,Israel,,Male,80.8
2019,Israel,(0-4),Male,80.1
2019,Israel,(5-9),Male,76.1
2019,Israel,(10-14),Male,71.2
2019,Israel,(15-19),Male,66.2
2019,Israel,(40-44),Female,45.0
2019,Israel,,Total,82.6
2019,Ireland,(50-54),Total,33.2
2019,Ireland,(55-59),Total,28.6
2019,Ireland,(60-64),Total,24.2
2019,Ireland,(65-69),Total,19.9
2019,Ireland,(70-74),Total,15.8
2019,Ireland,(75-79),Total,12.0
2019,Ireland,(80-84),Total,8.6
2019,Ireland,(85-89),Total,5.6
2019,Ireland,,Female,83.5
2019,Ireland,(0-4),Female,82.7
2019,Ireland,(5-9),Female,78.7
2019,Ireland,(70-74),Female,16.7
2019,Ireland,(75-79),Female,12.7
2019,Ireland,(80-84),Female,9.0
2019,Ireland,(85-89),Female,5.8
2019,Ireland,,Total,81.8
2019,Ireland,(0-4),Total,81.1
2019,Ireland,(5-9),Total,77.1
2019,Ireland,(10-14),Total,72.1
2019,Ireland,(15-19),Total,67.2
2019,Ireland,(20-24),Total,62.2
2019,Ireland,(25-29),Total,57.3
2019,Ireland,(30-34),Total,52.5
2019,Ireland,(35-39),Total,47.6
2019,Ireland,(40-44),Total,42.7
2019,Ireland,(45-49),Total,37.9
2019,Ireland,,Male,80.2
2019,Ireland,(0-4),Male,79.5
2019,Ireland,(5-9),Male,75.5
2019,Ireland,(10-14),Male,70.5
2019,Ireland,(15-19),Male,65.5
2019,Ireland,(20-24),Male,60.6
2019,Iceland,(45-49),Male,37.4
2019,Iceland,(50-54),Male,32.7
2019,Iceland,(55-59),Male,28.1
2019,Iceland,(75-79),Male,11.7
2019,Iceland,(80-84),Male,8.4
2019,Iceland,(85-89),Male,5.7
2019,Iceland,(60-64),Male,23.7
2019,Iceland,(65-69),Male,19.4
2019,Iceland,(70-74),Male,15.4
2019,Iceland,,Male,80.8
2019,Iceland,(70-74),Female,16.7
2019,Iceland,(75-79),Female,12.7
2019,Iceland,(80-84),Female,9.2
2019,Iceland,(85-89),Female,6.3
2019,Iceland,(0-4),Male,80.0
2019,Iceland,(5-9),Male,76.0
2019,Iceland,(10-14),Male,71.0
2019,Iceland,(15-19),Male,66.1
2019,Iceland,(20-24),Male,61.2
2019,Iceland,(25-29),Male,56.4
2019,Iceland,(30-34),Male,51.6
2019,Iceland,(35-39),Male,46.9
2019,Iceland,(40-44),Male,42.1
2019,Iceland,(55-59),Female,30.1
2019,Iceland,(60-64),Female,25.5
2019,Iceland,(65-69),Female,21.1
2019,Iceland,,Female,83.9
2019,Iceland,(0-4),Female,83.0
2019,Iceland,(5-9),Female,79.0
2019,Iceland,(10-14),Female,74.1
2019,Iceland,(15-19),Female,69.1
2019,Iceland,(20-24),Female,64.1
2019,Iceland,(25-29),Female,59.2
2019,Iceland,(30-34),Female,54.3
2019,Iceland,(35-39),Female,49.4
2019,Iceland,(40-44),Female,44.5
2019,Iceland,(45-49),Female,39.6
2019,Iceland,(50-54),Female,34.8
2019,Iceland,(45-49),Total,38.5
2019,Hungary,(25-29),Male,48.7
2019,Hungary,(30-34),Male,43.8
2019,Hungary,(35-39),Male,39.0
2019,Hungary,(40-44),Male,34.3
2019,Hungary,(45-49),Male,29.6
2019,Hungary,(50-54),Male,25.2
2019,Hungary,(55-59),Male,21.2
2019,Hungary,(60-64),Male,17.7
2019,Hungary,(65-69),Male,14.7
2019,Hungary,(70-74),Male,12.0
2019,Hungary,(75-79),Male,9.3
2019,Hungary,(80-84),Male,7.0
2019,Iceland,(50-54),Total,33.7
2019,Iceland,(55-59),Total,29.1
2019,Iceland,(60-64),Total,24.6
2019,Iceland,(65-69),Total,20.3
2019,Hungary,(10-14),Female,69.9
2019,Hungary,(15-19),Female,64.9
2019,Hungary,(20-24),Female,60.0
2019,Iceland,(70-74),Total,16.1
2019,Iceland,(75-79),Total,12.3
2019,Iceland,,Total,82.3
2019,Hungary,(40-44),Female,40.3
2019,Hungary,(45-49),Female,35.6
2019,Hungary,(50-54),Female,30.9
2019,Hungary,(55-59),Female,26.4
2019,Hungary,(60-64),Female,22.3
2019,Hungary,(65-69),Female,18.4
2019,Hungary,(70-74),Female,14.6
2019,Hungary,(75-79),Female,11.1
2019,Hungary,(80-84),Female,8.0
2019,Hungary,(85-89),Female,5.5
2019,Iceland,(0-4),Total,81.5
2019,Iceland,(5-9),Total,77.5
2019,Iceland,(10-14),Total,72.5
2019,Iceland,(80-84),Total,8.8
2019,Iceland,(85-89),Total,6.0
2019,Iceland,(15-19),Total,67.6
2019,Iceland,(20-24),Total,62.7
2019,Iceland,(25-29),Total,57.8
2019,Iceland,(30-34),Total,52.9
2019,Iceland,(35-39),Total,48.1
2019,Iceland,(40-44),Total,43.3
2019,Hungary,(85-89),Male,5.1
2019,Hungary,,Female,79.6
2019,Hungary,(60-64),Total,20.2
2019,Hungary,(65-69),Total,16.8
2019,Hungary,(70-74),Total,13.6
2019,Hungary,(75-79),Total,10.5
2019,Hungary,(80-84),Total,7.7
2019,Hungary,(85-89),Total,5.4
2019,Hungary,(0-4),Female,78.8
2019,Hungary,(5-9),Female,74.8
2019,Hungary,(25-29),Female,55.0
2019,Hungary,(30-34),Female,50.1
2019,Hungary,(35-39),Female,45.2
2019,Hungary,,Male,73.1
2019,Hungary,(0-4),Male,72.3
2019,Hungary,(5-9),Male,68.4
2019,Hungary,(10-14),Male,63.4
2019,Hungary,(15-19),Male,58.4
2019,Hungary,(20-24),Male,53.5
2019,Hungary,(55-59),Total,24.0
2019,Hungary,,Total,76.4
2019,Hungary,(0-4),Total,75.7
2019,Hungary,(5-9),Total,71.7
2019,Hungary,(10-14),Total,66.7
2019,Hungary,(15-19),Total,61.8
2019,Hungary,(20-24),Total,56.8
2019,Hungary,(25-29),Total,52.0
2019,Hungary,(30-34),Total,47.1
2019,Hungary,(35-39),Total,42.2
2019,Hungary,(40-44),Total,37.4
2019,Hungary,(45-49),Total,32.7
2019,Hungary,(50-54),Total,28.2
2019,Greece,,Male,78.6
2019,Greece,(0-4),Male,77.9
2019,Greece,(5-9),Male,74.0
2019,Greece,(10-14),Male,69.0
2019,Greece,(15-19),Male,64.0
2019,Greece,(20-24),Male,59.1
2019,Greece,(25-29),Male,54.3
2019,Greece,(30-34),Male,49.4
2019,Greece,(35-39),Male,44.6
2019,Greece,(40-44),Male,39.8
2019,Greece,(45-49),Male,35.0
2019,Greece,(50-54),Male,30.5
2019,Greece,(55-59),Male,26.1
2019,Greece,(60-64),Male,22.1
2019,Greece,(65-69),Male,18.4
2019,Greece,(70-74),Male,14.8
2019,Greece,(75-79),Male,11.7
2019,Greece,(80-84),Male,8.7
2019,Greece,(85-89),Male,6.2
2019,Greece,,Female,83.6
2019,Greece,(0-4),Female,82.8
2019,Greece,(5-9),Female,78.9
2019,Greece,(10-14),Female,73.9
2019,Greece,(15-19),Female,68.9
2019,Greece,(20-24),Female,64.0
2019,Greece,(25-29),Female,59.0
2019,Greece,(30-34),Female,54.1
2019,Greece,(35-39),Female,49.2
2019,Greece,(40-44),Female,44.3
2019,Greece,(45-49),Female,39.4
2019,Greece,(50-54),Female,34.7
2019,Greece,(55-59),Female,30.0
2019,Greece,(60-64),Female,25.5
2019,Greece,(65-69),Female,21.1
2019,Greece,(70-74),Female,16.8
2019,Greece,(75-79),Female,12.9
2019,Greece,(80-84),Female,9.1
2019,Greece,(85-89),Female,5.9
2019,Greece,,Total,81.1
2019,Greece,(0-4),Total,80.4
2019,Greece,(5-9),Total,76.4
2019,Greece,(10-14),Total,71.4
2019,Greece,(15-19),Total,66.5
2019,Greece,(20-24),Total,61.5
2019,Greece,(25-29),Total,56.7
2019,Greece,(30-34),Total,51.8
2019,Greece,(35-39),Total,46.9
2019,Greece,(40-44),Total,42.0
2019,Greece,(45-49),Total,37.3
2019,Greece,(50-54),Total,32.6
2019,Greece,(55-59),Total,28.1
2019,Greece,(60-64),Total,23.8
2019,Greece,(65-69),Total,19.8
2019,Greece,(70-74),Total,15.9
2019,Greece,(75-79),Total,12.3
2019,Greece,(80-84),Total,9.0
2019,Greece,(85-89),Total,6.0
2019,Germany,,Male,78.7
2019,Germany,(0-4),Male,78.0
2019,Germany,(5-9),Male,74.0
2019,Germany,(10-14),Male,69.1
2019,Germany,(15-19),Male,64.1
2019,Germany,(20-24),Male,59.2
2019,Germany,(25-29),Male,54.3
2019,Germany,(30-34),Male,49.4
2019,Germany,(35-39),Male,44.6
2019,Germany,(40-44),Male,39.8
2019,Germany,(45-49),Male,35.0
2019,Germany,(50-54),Male,30.4
2019,Germany,(55-59),Male,26.0
2019,Germany,(60-64),Male,21.9
2019,Germany,(65-69),Male,18.1
2019,Germany,(70-74),Male,14.6
2019,Germany,(75-79),Male,11.3
2019,Germany,(80-84),Male,8.3
2019,Germany,(85-89),Male,5.9
2019,Germany,,Female,84.8
2019,Germany,(0-4),Female,84.0
2019,Germany,(5-9),Female,80.0
2019,Germany,(10-14),Female,75.1
2019,Germany,(15-19),Female,70.1
2019,Germany,(20-24),Female,65.2
2019,Germany,(25-29),Female,60.2
2019,Germany,(30-34),Female,55.3
2019,Germany,(35-39),Female,50.4
2019,Germany,(40-44),Female,45.5
2019,Germany,(45-49),Female,40.7
2019,Germany,(50-54),Female,35.9
2019,Germany,(55-59),Female,31.3
2019,Germany,(60-64),Female,26.9
2019,Germany,(65-69),Female,22.7
2019,Germany,(70-74),Female,18.7
2019,Germany,(75-79),Female,15.0
2019,Germany,(80-84),Female,11.6
2019,Germany,(85-89),Female,9.0
2019,Germany,,Total,81.7
2019,Germany,(0-4),Total,81.0
2019,Germany,(5-9),Total,77.0
2019,Germany,(10-14),Total,72.0
2019,Germany,(15-19),Total,67.1
2019,Germany,(20-24),Total,62.1
2019,Germany,(25-29),Total,57.2
2019,Germany,(30-34),Total,52.3
2019,Germany,(35-39),Total,47.5
2019,Germany,(40-44),Total,42.6
2019,Germany,(45-49),Total,37.9
2019,Germany,(50-54),Total,33.2
2019,Germany,(55-59),Total,28.7
2019,Germany,(60-64),Total,24.4
2019,Germany,(65-69),Total,20.4
2019,Germany,(70-74),Total,16.7
2019,Germany,(75-79),Total,13.3
2019,Germany,(80-84),Total,10.1
2019,Germany,(85-89),Total,7.7
2019,Georgia,,Male,68.8
2019,Georgia,(0-4),Male,68.5
2019,Georgia,(5-9),Male,64.6
2019,Georgia,(10-14),Male,59.6
2019,Georgia,(15-19),Male,54.7
2019,Georgia,(20-24),Male,49.9
2019,Georgia,(25-29),Male,45.2
2019,Georgia,(30-34),Male,40.5
2019,Georgia,(35-39),Male,35.9
2019,Georgia,(40-44),Male,31.4
2019,Georgia,(45-49),Male,27.1
2019,Georgia,(50-54),Male,23.1
2019,Georgia,(55-59),Male,19.4
2019,Georgia,(60-64),Male,16.0
2019,Georgia,(65-69),Male,13.1
2019,Georgia,(70-74),Male,10.3
2019,Georgia,(75-79),Male,7.6
2019,Georgia,(80-84),Male,5.8
2019,Georgia,(85-89),Male,4.1
2019,Georgia,,Female,77.8
2019,Georgia,(0-4),Female,77.4
2019,Georgia,(5-9),Female,73.5
2019,Georgia,(10-14),Female,68.5
2019,Georgia,(15-19),Female,63.6
2019,Georgia,(20-24),Female,58.7
2019,Georgia,(25-29),Female,53.8
2019,Georgia,(30-34),Female,48.9
2019,Georgia,(35-39),Female,44.0
2019,Georgia,(40-44),Female,39.2
2019,Georgia,(45-49),Female,34.4
2019,Georgia,(50-54),Female,29.8
2019,Georgia,(55-59),Female,25.3
2019,Georgia,(60-64),Female,21.0
2019,Georgia,(65-69),Female,16.9
2019,Georgia,(70-74),Female,13.1
2019,Georgia,(75-79),Female,9.5
2019,Georgia,(80-84),Female,6.8
2019,Georgia,(85-89),Female,4.5
2019,Georgia,,Total,73.3
2019,Georgia,(0-4),Total,72.9
2019,Georgia,(5-9),Total,69.0
2019,Georgia,(10-14),Total,64.1
2019,Georgia,(15-19),Total,59.2
2019,Georgia,(20-24),Total,54.3
2019,Georgia,(25-29),Total,49.5
2019,Georgia,(30-34),Total,44.8
2019,Georgia,(35-39),Total,40.0
2019,Georgia,(40-44),Total,35.4
2019,Georgia,(45-49),Total,30.9
2019,Georgia,(50-54),Total,26.6
2019,Georgia,(55-59),Total,22.5
2019,Georgia,(60-64),Total,18.8
2019,Georgia,(65-69),Total,15.2
2019,Georgia,(70-74),Total,11.9
2019,Georgia,(75-79),Total,8.8
2019,Georgia,(80-84),Total,6.5
2019,Georgia,(85-89),Total,4.4
2019,France,(10-14),Male,70.2
2019,France,(15-19),Male,65.2
2019,France,(20-24),Male,60.3
2019,France,(25-29),Male,55.4
2019,France,(30-34),Male,50.6
2019,France,(35-39),Male,45.8
2019,France,(40-44),Male,41.0
2019,France,(45-49),Male,36.3
2019,France,(50-54),Male,31.7
2019,France,(55-59),Male,27.3
2019,France,(60-64),Male,23.3
2019,France,(65-69),Male,19.5
2019,France,(70-74),Male,15.8
2019,France,(75-79),Male,12.3
2019,France,(80-84),Male,9.0
2019,France,(85-89),Male,6.1
2019,France,(0-4),Female,84.4
2019,France,(5-9),Female,80.4
2019,France,(10-14),Female,75.5
2019,France,(15-19),Female,70.5
2019,France,(20-24),Female,65.5
2019,France,(25-29),Female,60.6
2019,France,(30-34),Female,55.7
2019,France,(45-49),Female,41.0
2019,France,(50-54),Female,36.3
2019,France,(55-59),Female,31.7
2019,France,(60-64),Female,27.2
2019,France,(65-69),Female,22.8
2019,France,(70-74),Female,18.5
2019,France,(75-79),Female,14.4
2019,France,(80-84),Female,10.5
2019,France,(85-89),Female,6.9
2019,France,(5-9),Total,77.9
2019,France,(10-14),Total,72.9
2019,France,(15-19),Total,67.9
2019,France,(20-24),Total,63.0
2019,France,(25-29),Total,58.1
2019,France,(30-34),Total,53.2
2019,France,(35-39),Total,48.3
2019,France,(40-44),Total,43.5
2019,France,(45-49),Total,38.7
2019,France,(50-54),Total,34.1
2019,France,(55-59),Total,29.6
2019,France,(60-64),Total,25.3
2019,France,(65-69),Total,21.3
2019,France,(70-74),Total,17.3
2019,France,(75-79),Total,13.5
2019,France,(80-84),Total,9.9
2019,France,(85-89),Total,6.6
2019,Finland,(20-24),Male,59.5
2019,Finland,(25-29),Male,54.7
2019,Finland,(30-34),Male,50.0
2019,Finland,(35-39),Male,45.2
2019,Finland,(40-44),Male,40.4
2019,Finland,(45-49),Male,35.7
2019,Finland,(50-54),Male,31.1
2019,Finland,(55-59),Male,26.6
2019,Finland,(60-64),Male,22.4
2019,Finland,(65-69),Male,18.4
2019,Finland,(70-74),Male,14.7
2019,Finland,(75-79),Male,11.3
2019,Finland,(80-84),Male,8.2
2019,Finland,(85-89),Male,5.6
2019,Finland,(35-39),Female,49.6
2019,Finland,(40-44),Female,44.7
2019,Finland,(45-49),Female,39.9
2019,Finland,(50-54),Female,35.1
2019,Finland,(55-59),Female,30.4
2019,Finland,(60-64),Female,25.8
2019,Finland,(65-69),Female,21.4
2019,Finland,(70-74),Female,17.2
2019,Finland,(75-79),Female,13.1
2019,Finland,(80-84),Female,9.4
2019,Finland,(85-89),Female,6.2
2019,France,,Male,79.8
2019,France,(0-4),Male,79.1
2019,France,(5-9),Male,75.2
2019,France,,Female,85.1
2019,France,(35-39),Female,50.7
2019,France,(40-44),Female,45.9
2019,France,,Total,82.5
2019,Finland,(45-49),Total,37.8
2019,Finland,(50-54),Total,33.1
2019,Finland,(55-59),Total,28.6
2019,Finland,(60-64),Total,24.2
2019,Finland,(65-69),Total,20.0
2019,Finland,(70-74),Total,16.1
2019,Finland,(75-79),Total,12.3
2019,Finland,(80-84),Total,8.9
2019,Finland,(85-89),Total,6.0
2019,France,(0-4),Total,81.8
2019,Finland,,Male,79.2
2019,Finland,(0-4),Male,78.3
2019,Finland,(5-9),Male,74.4
2019,Finland,(10-14),Male,69.4
2019,Finland,(15-19),Male,64.4
2019,Finland,,Female,84.0
2019,Finland,(0-4),Female,83.2
2019,Finland,(5-9),Female,79.2
2019,Finland,(10-14),Female,74.2
2019,Finland,(15-19),Female,69.3
2019,Finland,(20-24),Female,64.3
2019,Finland,(25-29),Female,59.4
2019,Finland,(30-34),Female,54.5
2019,Finland,(15-19),Total,66.9
2019,Finland,(20-24),Total,62.0
2019,Finland,(25-29),Total,57.1
2019,Finland,(30-34),Total,52.3
2019,Finland,(35-39),Total,47.4
2019,Finland,(40-44),Total,42.6
2019,Finland,,Total,81.6
2019,Finland,(0-4),Total,80.8
2019,Finland,(5-9),Total,76.8
2019,Finland,(10-14),Total,71.8
2019,Estonia,(40-44),Male,36.0
2019,Estonia,(25-29),Female,58.0
2019,Estonia,(30-34),Female,53.1
2019,Estonia,(35-39),Female,48.3
2019,Estonia,(40-44),Female,43.4
2019,Estonia,(45-49),Female,38.7
2019,Estonia,(50-54),Female,34.0
2019,Estonia,(55-59),Female,29.5
2019,Estonia,(60-64),Female,25.0
2019,Estonia,(65-69),Female,20.7
2019,Estonia,(70-74),Female,16.5
2019,Estonia,(75-79),Female,12.9
2019,Estonia,(80-84),Female,9.4
2019,Estonia,(85-89),Female,6.3
2019,Estonia,(45-49),Male,31.4
2019,Estonia,(50-54),Male,27.0
2019,Estonia,(55-59),Male,23.0
2019,Estonia,(60-64),Male,19.3
2019,Estonia,,Male,74.7
2019,Estonia,(0-4),Male,73.9
2019,Estonia,(25-29),Total,54.4
2019,Estonia,(30-34),Total,49.6
2019,Estonia,(35-39),Total,44.7
2019,Estonia,(40-44),Total,40.0
2019,Estonia,(45-49),Total,35.3
2019,Estonia,(50-54),Total,30.8
2019,Estonia,(55-59),Total,26.6
2019,Estonia,(60-64),Total,22.5
2019,Estonia,(65-69),Total,18.7
2019,Estonia,(70-74),Total,15.1
2019,Estonia,(75-79),Total,12.1
2019,Estonia,(80-84),Total,8.9
2019,Estonia,(85-89),Total,6.2
2019,Estonia,(5-9),Male,69.9
2019,Estonia,(10-14),Male,64.9
2019,Estonia,(15-19),Male,60.0
2019,Estonia,(65-69),Male,15.8
2019,Estonia,(70-74),Male,12.9
2019,Estonia,(75-79),Male,10.4
2019,Estonia,(80-84),Male,7.9
2019,Estonia,(85-89),Male,5.7
2019,Estonia,(20-24),Male,55.1
2019,Estonia,(25-29),Male,50.3
2019,Estonia,(30-34),Male,45.5
2019,Estonia,(35-39),Male,40.7
2019,Estonia,,Total,78.9
2019,Estonia,(0-4),Total,78.0
2019,Estonia,(5-9),Total,74.1
2019,Estonia,(10-14),Total,69.1
2019,Estonia,(15-19),Total,64.1
2019,Estonia,(20-24),Total,59.3
2019,Estonia,,Female,82.6
2019,Estonia,(0-4),Female,81.7
2019,Estonia,(5-9),Female,77.8
2019,Estonia,(10-14),Female,72.8
2019,Estonia,(15-19),Female,67.9
2019,Estonia,(20-24),Female,62.9
2019,Denmark,(5-9),Male,74.9
2019,Denmark,(10-14),Male,69.9
2019,Denmark,(15-19),Male,65.0
2019,Denmark,(20-24),Male,60.0
2019,Denmark,(25-29),Male,55.1
2019,Denmark,(30-34),Male,50.2
2019,Denmark,(35-39),Male,45.3
2019,Denmark,(40-44),Male,40.5
2019,Denmark,(45-49),Male,35.7
2019,Denmark,(50-54),Male,31.0
2019,Denmark,(55-59),Male,26.5
2019,Denmark,(60-64),Male,22.3
2019,Denmark,(65-69),Male,18.3
2019,Denmark,(70-74),Male,14.6
2019,Denmark,(75-79),Male,11.1
2019,Denmark,(80-84),Male,7.9
2019,Denmark,(85-89),Male,5.2
2019,Denmark,,Male,79.6
2019,Denmark,(0-4),Male,78.9
2019,Denmark,(50-54),Female,34.0
2019,Denmark,(25-29),Total,56.8
2019,Denmark,(30-34),Total,51.8
2019,Denmark,(35-39),Total,47.0
2019,Denmark,(40-44),Total,42.1
2019,Denmark,(45-49),Total,37.3
2019,Denmark,(50-54),Total,32.5
2019,Denmark,(55-59),Total,28.0
2019,Denmark,(60-64),Total,23.6
2019,Denmark,(65-69),Total,19.5
2019,Denmark,(70-74),Total,15.6
2019,Denmark,(75-79),Total,11.9
2019,Denmark,(80-84),Total,8.5
2019,Denmark,(85-89),Total,5.7
2019,Denmark,(55-59),Female,29.3
2019,Denmark,(60-64),Female,24.9
2019,Denmark,(65-69),Female,20.6
2019,Denmark,(70-74),Female,16.5
2019,Denmark,(75-79),Female,12.6
2019,Denmark,,Female,83.0
2019,Denmark,(0-4),Female,82.2
2019,Denmark,(5-9),Female,78.3
2019,Denmark,(10-14),Female,73.3
2019,Denmark,(15-19),Female,68.3
2019,Denmark,(20-24),Female,63.4
2019,Denmark,(25-29),Female,58.4
2019,Denmark,(30-34),Female,53.4
2019,Denmark,(35-39),Female,48.5
2019,Denmark,(80-84),Female,9.1
2019,Denmark,(85-89),Female,6.0
2019,Denmark,(40-44),Female,43.6
2019,Denmark,(45-49),Female,38.8
2019,Denmark,,Total,81.3
2019,Denmark,(0-4),Total,80.6
2019,Denmark,(5-9),Total,76.6
2019,Denmark,(10-14),Total,71.6
2019,Denmark,(15-19),Total,66.6
2019,Denmark,(20-24),Total,61.7
2019,Czechia,(45-49),Male,32.9
2019,Czechia,(50-54),Male,28.3
2019,Czechia,(55-59),Male,24.0
2019,Czechia,(60-64),Male,19.9
2019,Czechia,(65-69),Male,16.3
2019,Czechia,(70-74),Male,13.0
2019,Czechia,(75-79),Male,10.0
2019,Czechia,(80-84),Male,7.3
2019,Czechia,(85-89),Male,5.1
2019,Czechia,,Male,76.3
2019,Czechia,(40-44),Female,42.7
2019,Czechia,(45-49),Female,37.8
2019,Czechia,(50-54),Female,33.1
2019,Czechia,(55-59),Female,28.5
2019,Czechia,(60-64),Female,24.0
2019,Czechia,(65-69),Female,19.8
2019,Czechia,(70-74),Female,15.7
2019,Czechia,(75-79),Female,12.0
2019,Czechia,(80-84),Female,8.6
2019,Czechia,(85-89),Female,5.7
2019,Czechia,(0-4),Male,75.5
2019,Czechia,(5-9),Male,71.6
2019,Czechia,(10-14),Male,66.6
2019,Czechia,(15-19),Male,61.6
2019,Czechia,(20-24),Male,56.7
2019,Czechia,(25-29),Male,51.9
2019,Czechia,(30-34),Male,47.1
2019,Czechia,(35-39),Male,42.3
2019,Czechia,(40-44),Male,37.6
2019,Czechia,(10-14),Female,72.2
2019,Czechia,(75-79),Total,11.2
2019,Czechia,(80-84),Total,8.1
2019,Czechia,(15-19),Female,67.2
2019,Czechia,(20-24),Female,62.3
2019,Czechia,(25-29),Female,57.3
2019,Czechia,(30-34),Female,52.4
2019,Czechia,(35-39),Female,47.5
2019,Czechia,,Female,81.9
2019,Czechia,(0-4),Female,81.1
2019,Czechia,(5-9),Female,77.2
2019,Czechia,(85-89),Total,5.5
2019,Czechia,,Total,79.1
2019,Cyprus,(40-44),Male,41.9
2019,Cyprus,(45-49),Male,37.1
2019,Cyprus,(50-54),Male,32.4
2019,Cyprus,(55-59),Male,27.8
2019,Cyprus,(60-64),Male,23.3
2019,Cyprus,(65-69),Male,19.1
2019,Cyprus,(70-74),Male,15.1
2019,Cyprus,(75-79),Male,11.6
2019,Cyprus,(80-84),Male,8.2
2019,Cyprus,(85-89),Male,5.5
2019,Czechia,(0-4),Total,78.3
2019,Czechia,(5-9),Total,74.4
2019,Cyprus,(5-9),Female,80.3
2019,Cyprus,(10-14),Female,75.3
2019,Cyprus,(15-19),Female,70.4
2019,Cyprus,(20-24),Female,65.4
2019,Cyprus,(25-29),Female,60.4
2019,Cyprus,(30-34),Female,55.5
2019,Cyprus,(35-39),Female,50.5
2019,Cyprus,(40-44),Female,45.6
2019,Cyprus,(45-49),Female,40.7
2019,Cyprus,(50-54),Female,35.8
2019,Cyprus,(55-59),Female,31.1
2019,Cyprus,(60-64),Female,26.4
2019,Cyprus,(65-69),Female,21.9
2019,Cyprus,(70-74),Female,17.5
2019,Cyprus,(75-79),Female,13.3
2019,Cyprus,(80-84),Female,9.4
2019,Cyprus,(85-89),Female,6.1
2019,Czechia,(10-14),Total,69.4
2019,Czechia,(15-19),Total,64.4
2019,Czechia,(20-24),Total,59.5
2019,Czechia,(25-29),Total,54.7
2019,Czechia,(30-34),Total,49.8
2019,Czechia,(35-39),Total,45.0
2019,Czechia,(40-44),Total,40.1
2019,Cyprus,(30-34),Total,53.6
2019,Cyprus,(35-39),Total,48.7
2019,Cyprus,(40-44),Total,43.8
2019,Cyprus,(45-49),Total,39.0
2019,Cyprus,(50-54),Total,34.2
2019,Cyprus,(55-59),Total,29.5
2019,Cyprus,(60-64),Total,24.9
2019,Cyprus,(65-69),Total,20.6
2019,Cyprus,(70-74),Total,16.4
2019,Cyprus,(75-79),Total,12.5
2019,Cyprus,(80-84),Total,8.9
2019,Cyprus,(85-89),Total,5.9
2019,Czechia,(45-49),Total,35.4
2019,Czechia,(50-54),Total,30.8
2019,Czechia,(55-59),Total,26.3
2019,Czechia,(60-64),Total,22.1
2019,Czechia,(65-69),Total,18.2
2019,Czechia,(70-74),Total,14.5
2019,Cyprus,(35-39),Male,46.8
2019,Cyprus,,Male,81.1
2019,Cyprus,(0-4),Male,80.3
2019,Cyprus,(5-9),Male,76.3
2019,Cyprus,(10-14),Male,71.4
2019,Cyprus,(15-19),Male,66.4
2019,Cyprus,,Female,85.1
2019,Cyprus,(0-4),Female,84.3
2019,Cyprus,,Total,83.1
2019,Cyprus,(0-4),Total,82.3
2019,Cyprus,(5-9),Total,78.3
2019,Cyprus,(10-14),Total,73.4
2019,Cyprus,(15-19),Total,68.4
2019,Cyprus,(20-24),Total,63.4
2019,Cyprus,(25-29),Total,58.5
2019,Cyprus,(20-24),Male,61.5
2019,Cyprus,(25-29),Male,56.6
2019,Cyprus,(30-34),Male,51.7
2019,Croatia,(30-34),Male,46.4
2019,Croatia,(35-39),Male,41.6
2019,Croatia,(40-44),Male,36.8
2019,Croatia,(45-49),Male,32.1
2019,Croatia,(50-54),Male,27.6
2019,Croatia,(55-59),Male,23.3
2019,Croatia,,Male,75.5
2019,Croatia,(0-4),Male,74.9
2019,Croatia,(5-9),Male,70.9
2019,Croatia,(10-14),Male,66.0
2019,Croatia,(15-19),Male,61.0
2019,Croatia,(20-24),Male,56.1
2019,Croatia,(35-39),Female,47.2
2019,Croatia,(40-44),Female,42.4
2019,Croatia,(45-49),Female,37.5
2019,Croatia,(50-54),Female,32.8
2019,Croatia,(55-59),Female,28.2
2019,Croatia,(60-64),Female,23.7
2019,Croatia,(65-69),Female,19.5
2019,Croatia,(70-74),Female,15.5
2019,Croatia,(75-79),Female,11.7
2019,Croatia,(80-84),Female,8.7
2019,Croatia,(85-89),Female,6.2
2019,Croatia,(25-29),Male,51.3
2019,Croatia,,Female,81.6
2019,Croatia,(50-54),Total,30.3
2019,Croatia,(55-59),Total,25.9
2019,Croatia,(60-64),Total,21.8
2019,Croatia,(65-69),Total,17.9
2019,Croatia,(70-74),Total,14.3
2019,Croatia,(75-79),Total,10.9
2019,Croatia,(80-84),Total,8.1
2019,Croatia,(85-89),Total,5.9
2019,Croatia,(0-4),Female,80.9
2019,Croatia,(5-9),Female,77.0
2019,Croatia,(10-14),Female,72.0
2019,Croatia,(15-19),Female,67.0
2019,Croatia,(20-24),Female,62.1
2019,Croatia,(25-29),Female,57.1
2019,Croatia,(30-34),Female,52.2
2019,Croatia,(60-64),Male,19.4
2019,Croatia,(65-69),Male,15.9
2019,Croatia,(70-74),Male,12.7
2019,Croatia,(75-79),Male,9.7
2019,Croatia,(80-84),Male,7.0
2019,Croatia,(85-89),Male,5.1
2019,Croatia,,Total,78.6
2019,Croatia,(0-4),Total,78.0
2019,Croatia,(5-9),Total,74.0
2019,Croatia,(10-14),Total,69.1
2019,Croatia,(15-19),Total,64.1
2019,Croatia,(20-24),Total,59.2
2019,Croatia,(25-29),Total,54.3
2019,Croatia,(30-34),Total,49.4
2019,Croatia,(35-39),Total,44.5
2019,Croatia,(40-44),Total,39.7
2019,Croatia,(45-49),Total,34.9
2019,Bulgaria,,Male,71.6
2019,Bulgaria,(0-4),Male,71.1
2019,Bulgaria,(5-9),Male,67.2
2019,Bulgaria,(10-14),Male,62.2
2019,Bulgaria,(15-19),Male,57.3
2019,Bulgaria,(20-24),Male,52.5
2019,Bulgaria,(25-29),Male,47.6
2019,Bulgaria,(30-34),Male,42.9
2019,Bulgaria,(35-39),Male,38.1
2019,Bulgaria,(40-44),Male,33.5
2019,Bulgaria,(45-49),Male,29.0
2019,Bulgaria,(50-54),Male,24.8
2019,Bulgaria,(55-59),Male,20.9
2019,Bulgaria,(60-64),Male,17.4
2019,Bulgaria,(65-69),Male,14.3
2019,Bulgaria,(70-74),Male,11.5
2019,Bulgaria,(75-79),Male,8.9
2019,Bulgaria,(80-84),Male,6.5
2019,Bulgaria,(85-89),Male,4.6
2019,Bulgaria,,Female,78.6
2019,Bulgaria,(0-4),Female,78.0
2019,Bulgaria,(5-9),Female,74.1
2019,Bulgaria,(10-14),Female,69.1
2019,Bulgaria,(15-19),Female,64.2
2019,Bulgaria,(20-24),Female,59.3
2019,Bulgaria,(25-29),Female,54.3
2019,Bulgaria,(30-34),Female,49.4
2019,Bulgaria,(35-39),Female,44.6
2019,Bulgaria,(40-44),Female,39.8
2019,Bulgaria,(45-49),Female,35.1
2019,Bulgaria,(50-54),Female,30.5
2019,Bulgaria,(55-59),Female,26.1
2019,Bulgaria,(60-64),Female,22.0
2019,Bulgaria,(65-69),Female,18.0
2019,Bulgaria,(70-74),Female,14.1
2019,Bulgaria,(75-79),Female,10.6
2019,Bulgaria,(80-84),Female,7.5
2019,Bulgaria,(85-89),Female,5.1
2019,Bulgaria,,Total,75.1
2019,Bulgaria,(0-4),Total,74.5
2019,Bulgaria,(5-9),Total,70.6
2019,Bulgaria,(10-14),Total,65.6
2019,Bulgaria,(15-19),Total,60.7
2019,Bulgaria,(20-24),Total,55.8
2019,Bulgaria,(25-29),Total,51.0
2019,Bulgaria,(30-34),Total,46.1
2019,Bulgaria,(35-39),Total,41.3
2019,Bulgaria,(40-44),Total,36.6
2019,Bulgaria,(45-49),Total,32.1
2019,Bulgaria,(50-54),Total,27.7
2019,Bulgaria,(55-59),Total,23.6
2019,Bulgaria,(60-64),Total,19.8
2019,Bulgaria,(65-69),Total,16.3
2019,Bulgaria,(70-74),Total,13.0
2019,Bulgaria,(75-79),Total,9.9
2019,Bulgaria,(80-84),Total,7.1
2019,Bulgaria,(85-89),Total,4.9
2019,Bosnia and Herzegovina,,Male,74.4
2019,Bosnia and Herzegovina,(0-4),Male,73.8
2019,Bosnia and Herzegovina,(5-9),Male,69.9
2019,Bosnia and Herzegovina,(10-14),Male,64.9
2019,Bosnia and Herzegovina,(15-19),Male,60.0
2019,Bosnia and Herzegovina,(20-24),Male,55.1
2019,Bosnia and Herzegovina,(25-29),Male,50.3
2019,Bosnia and Herzegovina,(30-34),Male,45.5
2019,Bosnia and Herzegovina,(35-39),Male,40.6
2019,Bosnia and Herzegovina,(40-44),Male,35.9
2019,Bosnia and Herzegovina,(45-49),Male,31.2
2019,Bosnia and Herzegovina,(50-54),Male,26.7
2019,Bosnia and Herzegovina,(55-59),Male,22.5
2019,Bosnia and Herzegovina,(60-64),Male,18.6
2019,Bosnia and Herzegovina,(65-69),Male,15.0
2019,Bosnia and Herzegovina,(70-74),Male,11.7
2019,Bosnia and Herzegovina,(75-79),Male,9.0
2019,Bosnia and Herzegovina,(80-84),Male,6.7
2019,Bosnia and Herzegovina,(85-89),Male,4.9
2019,Bosnia and Herzegovina,,Female,79.1
2019,Bosnia and Herzegovina,(0-4),Female,78.5
2019,Bosnia and Herzegovina,(5-9),Female,74.5
2019,Bosnia and Herzegovina,(10-14),Female,69.6
2019,Bosnia and Herzegovina,(15-19),Female,64.6
2019,Bosnia and Herzegovina,(20-24),Female,59.7
2019,Bosnia and Herzegovina,(25-29),Female,54.7
2019,Bosnia and Herzegovina,(30-34),Female,49.8
2019,Bosnia and Herzegovina,(35-39),Female,44.9
2019,Bosnia and Herzegovina,(40-44),Female,40.0
2019,Bosnia and Herzegovina,(45-49),Female,35.2
2019,Bosnia and Herzegovina,(50-54),Female,30.5
2019,Bosnia and Herzegovina,(55-59),Female,26.0
2019,Bosnia and Herzegovina,(60-64),Female,21.6
2019,Bosnia and Herzegovina,(65-69),Female,17.3
2019,Bosnia and Herzegovina,(70-74),Female,13.4
2019,Bosnia and Herzegovina,(75-79),Female,10.0
2019,Bosnia and Herzegovina,(80-84),Female,7.2
2019,Bosnia and Herzegovina,(85-89),Female,5.0
2019,Bosnia and Herzegovina,,Total,76.8
2019,Bosnia and Herzegovina,(0-4),Total,76.2
2019,Bosnia and Herzegovina,(5-9),Total,72.2
2019,Bosnia and Herzegovina,(10-14),Total,67.3
2019,Bosnia and Herzegovina,(15-19),Total,62.3
2019,Bosnia and Herzegovina,(20-24),Total,57.4
2019,Bosnia and Herzegovina,(25-29),Total,52.5
2019,Bosnia and Herzegovina,(30-34),Total,47.7
2019,Bosnia and Herzegovina,(35-39),Total,42.8
2019,Bosnia and Herzegovina,(40-44),Total,38.0
2019,Bosnia and Herzegovina,(45-49),Total,33.3
2019,Bosnia and Herzegovina,(50-54),Total,28.7
2019,Bosnia and Herzegovina,(55-59),Total,24.3
2019,Bosnia and Herzegovina,(60-64),Total,20.2
2019,Bosnia and Herzegovina,(65-69),Total,16.3
2019,Bosnia and Herzegovina,(70-74),Total,12.7
2019,Bosnia and Herzegovina,(75-79),Total,9.6
2019,Bosnia and Herzegovina,(80-84),Total,7.0
2019,Bosnia and Herzegovina,(85-89),Total,5.0
2019,Belgium,(25-29),Male,54.9
2019,Belgium,(30-34),Male,50.0
2019,Belgium,(35-39),Male,45.2
2019,Belgium,(40-44),Male,40.4
2019,Belgium,(45-49),Male,35.7
2019,Belgium,(50-54),Male,31.1
2019,Belgium,(55-59),Male,26.5
2019,Belgium,(60-64),Male,22.3
2019,Belgium,(65-69),Male,18.4
2019,Belgium,(70-74),Male,14.8
2019,Belgium,(75-79),Male,11.4
2019,Belgium,(80-84),Male,8.3
2019,Belgium,(85-89),Male,5.6
2019,Belgium,(15-19),Female,68.8
2019,Belgium,(20-24),Female,63.9
2019,Belgium,(25-29),Female,58.9
2019,Belgium,(30-34),Female,54.0
2019,Belgium,(35-39),Female,49.1
2019,Belgium,(40-44),Female,44.2
2019,Belgium,(45-49),Female,39.4
2019,Belgium,(50-54),Female,34.7
2019,Belgium,(55-59),Female,30.0
2019,Belgium,(60-64),Female,25.6
2019,Belgium,(65-69),Female,21.3
2019,Belgium,(5-9),Male,74.6
2019,Belgium,(50-54),Total,32.9
2019,Belgium,(55-59),Total,28.3
2019,Belgium,(60-64),Total,24.0
2019,Belgium,(65-69),Total,19.9
2019,Belgium,(70-74),Total,16.1
2019,Belgium,(75-79),Total,12.4
2019,Belgium,(80-84),Total,9.0
2019,Belgium,(85-89),Total,6.0
2019,Belgium,(10-14),Male,69.6
2019,Belgium,(15-19),Male,64.7
2019,Belgium,(20-24),Male,59.7
2019,Belgium,,Female,83.5
2019,Belgium,(0-4),Female,82.7
2019,Belgium,(5-9),Female,78.8
2019,Belgium,(10-14),Female,73.8
2019,Belgium,,Male,79.3
2019,Belgium,(0-4),Male,78.5
2019,Belgium,(70-74),Female,17.2
2019,Belgium,(75-79),Female,13.2
2019,Belgium,(80-84),Female,9.5
2019,Belgium,(85-89),Female,6.3
2019,Belgium,,Total,81.4
2019,Belarus,(65-69),Male,13.1
2019,Belarus,(70-74),Male,10.6
2019,Belarus,(75-79),Male,8.3
2019,Belarus,(80-84),Male,6.3
2019,Belarus,(85-89),Male,4.8
2019,Belgium,(0-4),Total,80.6
2019,Belgium,(5-9),Total,76.7
2019,Belgium,(10-14),Total,71.7
2019,Belgium,(15-19),Total,66.8
2019,Belgium,(20-24),Total,61.8
2019,Belgium,(25-29),Total,56.9
2019,Belgium,(30-34),Total,52.0
2019,Belgium,(35-39),Total,47.2
2019,Belgium,(40-44),Total,42.3
2019,Belgium,(45-49),Total,37.6
2019,Belarus,,Male,69.7
2019,Belarus,(50-54),Female,31.3
2019,Belarus,(55-59),Female,26.8
2019,Belarus,(60-64),Female,22.5
2019,Belarus,(65-69),Female,18.3
2019,Belarus,(70-74),Female,14.5
2019,Belarus,(75-79),Female,10.9
2019,Belarus,(80-84),Female,8.0
2019,Belarus,(85-89),Female,5.6
2019,Belarus,(0-4),Male,68.9
2019,Belarus,(5-9),Male,64.9
2019,Belarus,(10-14),Male,60.0
2019,Belarus,(15-19),Male,55.0
2019,Belarus,(20-24),Male,50.1
2019,Belarus,(25-29),Male,45.3
2019,Belarus,(30-34),Male,40.5
2019,Belarus,(45-49),Male,27.2
2019,Belarus,(50-54),Male,23.2
2019,Belarus,(55-59),Male,19.4
2019,Belarus,(60-64),Male,16.0
2019,Belarus,(35-39),Male,35.9
2019,Belarus,(40-44),Male,31.4
2019,Belarus,,Female,79.6
2019,Belarus,(65-69),Total,16.2
2019,Belarus,(70-74),Total,13.1
2019,Belarus,(75-79),Total,10.1
2019,Belarus,(80-84),Total,7.5
2019,Belarus,(85-89),Total,5.4
2019,Belarus,(0-4),Female,78.8
2019,Belarus,(5-9),Female,74.9
2019,Belarus,(10-14),Female,69.9
2019,Belarus,(15-19),Female,64.9
2019,Belarus,(20-24),Female,60.0
2019,Belarus,(25-29),Female,55.1
2019,Belarus,(30-34),Female,50.2
2019,Belarus,(35-39),Female,45.3
2019,Belarus,(40-44),Female,40.5
2019,Belarus,(45-49),Female,35.9
2019,Belarus,,Total,74.8
2019,Belarus,(0-4),Total,74.0
2019,Belarus,(5-9),Total,70.1
2019,Belarus,(10-14),Total,65.1
2019,Belarus,(15-19),Total,60.2
2019,Belarus,(20-24),Total,55.3
2019,Belarus,(25-29),Total,50.4
2019,Belarus,(30-34),Total,45.5
2019,Belarus,(35-39),Total,40.8
2019,Belarus,(40-44),Total,36.2
2019,Belarus,(45-49),Total,31.8
2019,Belarus,(50-54),Total,27.5
2019,Belarus,(55-59),Total,23.5
2019,Belarus,(60-64),Total,19.7
2019,Azerbaijan,(25-29),Male,46.1
2019,Azerbaijan,(30-34),Male,41.4
2019,Azerbaijan,(50-54),Male,23.3
2019,Azerbaijan,(55-59),Male,19.3
2019,Azerbaijan,(60-64),Male,15.6
2019,Azerbaijan,(65-69),Male,12.4
2019,Azerbaijan,(70-74),Male,9.7
2019,Azerbaijan,(75-79),Male,7.2
2019,Azerbaijan,(80-84),Male,5.0
2019,Azerbaijan,(85-89),Male,3.5
2019,Azerbaijan,(35-39),Female,41.2
2019,Azerbaijan,(40-44),Female,36.4
2019,Azerbaijan,(45-49),Female,31.7
2019,Azerbaijan,(50-54),Female,27.0
2019,Azerbaijan,(55-59),Female,22.6
2019,Azerbaijan,(60-64),Female,18.3
2019,Azerbaijan,(65-69),Female,14.4
2019,Azerbaijan,(70-74),Female,10.9
2019,Azerbaijan,(75-79),Female,7.8
2019,Azerbaijan,(80-84),Female,5.3
2019,Azerbaijan,(85-89),Female,3.4
2019,Azerbaijan,,Male,68.8
2019,Azerbaijan,(30-34),Total,43.8
2019,Azerbaijan,(35-39),Total,39.0
2019,Azerbaijan,(40-44),Total,34.3
2019,Azerbaijan,(45-49),Total,29.7
2019,Azerbaijan,(50-54),Total,25.2
2019,Azerbaijan,(55-59),Total,21.0
2019,Azerbaijan,(60-64),Total,17.1
2019,Azerbaijan,(65-69),Total,13.5
2019,Azerbaijan,(70-74),Total,10.4
2019,Azerbaijan,(75-79),Total,7.6
2019,Azerbaijan,(80-84),Total,5.2
2019,Azerbaijan,(85-89),Total,3.4
2019,Azerbaijan,(0-4),Male,69.3
2019,Azerbaijan,(5-9),Male,65.5
2019,Azerbaijan,(10-14),Male,60.6
2019,Azerbaijan,(15-19),Male,55.7
2019,Azerbaijan,(20-24),Male,50.9
2019,Azerbaijan,(35-39),Male,36.7
2019,Azerbaijan,(40-44),Male,32.1
2019,Azerbaijan,(45-49),Male,27.6
2019,Azerbaijan,,Female,74.1
2019,Azerbaijan,(0-4),Female,74.4
2019,Azerbaijan,(5-9),Female,70.5
2019,Azerbaijan,(10-14),Female,65.6
2019,Azerbaijan,(15-19),Female,60.7
2019,Azerbaijan,(20-24),Female,55.8
2019,Azerbaijan,(25-29),Female,51.0
2019,Azerbaijan,(30-34),Female,46.1
2019,Azerbaijan,,Total,71.4
2019,Austria,(85-89),Male,5.6
2019,Azerbaijan,(0-4),Total,71.8
2019,Azerbaijan,(5-9),Total,68.0
2019,Azerbaijan,(10-14),Total,63.1
2019,Azerbaijan,(15-19),Total,58.2
2019,Azerbaijan,(20-24),Total,53.4
2019,Azerbaijan,(25-29),Total,48.6
2019,Austria,,Male,79.4
2019,Austria,(30-34),Female,54.3
2019,Austria,(35-39),Female,49.4
2019,Austria,(40-44),Female,44.5
2019,Austria,(45-49),Female,39.6
2019,Austria,(50-54),Female,34.9
2019,Austria,(55-59),Female,30.2
2019,Austria,(60-64),Female,25.6
2019,Austria,(65-69),Female,21.2
2019,Austria,(70-74),Female,17.0
2019,Austria,(75-79),Female,13.1
2019,Austria,(80-84),Female,9.4
2019,Austria,(85-89),Female,6.0
2019,Austria,(0-4),Male,78.7
2019,Austria,(5-9),Male,74.8
2019,Austria,(10-14),Male,69.8
2019,Austria,(15-19),Male,64.8
2019,Austria,(20-24),Male,60.0
2019,Austria,(25-29),Male,55.1
2019,Austria,(25-29),Total,57.2
2019,Austria,(30-34),Total,52.3
2019,Austria,(35-39),Total,47.4
2019,Austria,(40-44),Total,42.6
2019,Austria,(45-49),Total,37.8
2019,Austria,(50-54),Total,33.1
2019,Austria,(55-59),Total,28.5
2019,Austria,(60-64),Total,24.1
2019,Austria,(65-69),Total,19.9
2019,Austria,(70-74),Total,16.0
2019,Austria,(75-79),Total,12.4
2019,Austria,(80-84),Total,9.0
2019,Austria,(85-89),Total,5.9
2019,Austria,(30-34),Male,50.3
2019,Austria,(35-39),Male,45.4
2019,Austria,(40-44),Male,40.6
2019,Austria,(45-49),Male,35.9
2019,Austria,(50-54),Male,31.2
2019,Austria,(55-59),Male,26.7
2019,Austria,(60-64),Male,22.4
2019,Austria,(65-69),Male,18.4
2019,Austria,(70-74),Male,14.8
2019,Austria,(75-79),Male,11.4
2019,Austria,(80-84),Male,8.3
2019,Austria,,Total,81.6
2019,Austria,(0-4),Total,80.9
2019,Austria,(5-9),Total,76.9
2019,Austria,(10-14),Total,72.0
2019,Austria,(15-19),Total,67.0
2019,Austria,(20-24),Total,62.1
2019,Austria,,Female,83.8
2019,Austria,(0-4),Female,83.0
2019,Austria,(5-9),Female,79.1
2019,Austria,(10-14),Female,74.1
2019,Austria,(15-19),Female,69.1
2019,Austria,(20-24),Female,64.1
2019,Austria,(25-29),Female,59.2
2019,Armenia,(60-64),Male,18.2
2019,Armenia,(65-69),Male,14.7
2019,Armenia,(70-74),Male,12.0
2019,Armenia,(75-79),Male,9.4
2019,Armenia,(80-84),Male,7.9
2019,Armenia,(85-89),Male,5.6
2019,Armenia,,Male,72.5
2019,Armenia,(55-59),Female,26.6
2019,Armenia,(60-64),Female,22.1
2019,Armenia,(65-69),Female,18.0
2019,Armenia,(70-74),Female,14.2
2019,Armenia,(75-79),Female,10.3
2019,Armenia,(80-84),Female,8.0
2019,Armenia,(85-89),Female,5.2
2019,Armenia,(0-4),Male,72.4
2019,Armenia,(0-4),Total,75.9
2019,Armenia,(5-9),Total,72.0
2019,Armenia,(10-14),Total,67.0
2019,Armenia,(15-19),Total,62.1
2019,Armenia,(20-24),Total,57.2
2019,Armenia,(25-29),Total,52.3
2019,Armenia,(30-34),Total,47.5
2019,Armenia,(35-39),Total,42.6
2019,Armenia,(40-44),Total,37.9
2019,Armenia,(45-49),Total,33.2
2019,Armenia,(50-54),Total,28.7
2019,Armenia,(55-59),Total,24.5
2019,Armenia,(60-64),Total,20.4
2019,Armenia,(65-69),Total,16.5
2019,Armenia,(70-74),Total,13.2
2019,Armenia,(75-79),Total,10.0
2019,Armenia,(80-84),Total,8.0
2019,Armenia,(85-89),Total,5.3
2019,Armenia,(5-9),Male,68.5
2019,Armenia,(10-14),Male,63.5
2019,Armenia,(15-19),Male,58.6
2019,Armenia,(20-24),Male,53.8
2019,Armenia,(25-29),Male,49.0
2019,Armenia,(30-34),Male,44.2
2019,Armenia,(35-39),Male,39.4
2019,Armenia,(40-44),Male,34.7
2019,Armenia,(45-49),Male,30.2
2019,Armenia,(50-54),Male,25.8
2019,Armenia,(55-59),Male,21.9
2019,Armenia,(25-29),Female,55.3
2019,Armenia,(30-34),Female,50.3
2019,Armenia,(35-39),Female,45.4
2019,Armenia,(40-44),Female,40.6
2019,Armenia,(45-49),Female,35.8
2019,Armenia,(50-54),Female,31.2
2019,Armenia,,Total,76.0
2019,Armenia,,Female,79.2
2019,Armenia,(0-4),Female,78.9
2019,Armenia,(5-9),Female,75.0
2019,Armenia,(10-14),Female,70.1
2019,Armenia,(15-19),Female,65.1
2019,Armenia,(20-24),Female,60.2
2019,Albania,,Male,76.3
2019,Albania,(0-4),Female,79.5
2019,Albania,(5-9),Female,75.6
2019,Albania,(10-14),Female,70.7
2019,Albania,(15-19),Female,65.8
2019,Albania,(20-24),Female,60.9
2019,Albania,(25-29),Female,56.0
2019,Albania,(30-34),Female,51.0
2019,Albania,(35-39),Female,46.1
2019,Albania,(40-44),Female,41.1
2019,Albania,(45-49),Female,36.2
2019,Albania,(50-54),Female,31.4
2019,Albania,(55-59),Female,26.6
2019,Albania,(60-64),Female,21.9
2019,Albania,(65-69),Female,17.2
2019,Albania,(70-74),Female,12.6
2019,Albania,(75-79),Female,8.6
2019,Albania,(80-84),Female,4.9
2019,Albania,(85-89),Female,1.9
2019,Albania,(0-4),Male,76.0
2019,Albania,(5-9),Male,72.1
2019,Albania,(10-14),Male,67.1
2019,Albania,(15-19),Total,63.9
2019,Albania,(20-24),Total,59.1
2019,Albania,(25-29),Total,54.2
2019,Albania,(30-34),Total,49.3
2019,Albania,(35-39),Total,44.4
2019,Albania,(40-44),Total,39.5
2019,Albania,(45-49),Total,34.8
2019,Albania,(50-54),Total,30.1
2019,Albania,(55-59),Total,25.5
2019,Albania,(60-64),Total,21.0
2019,Albania,(65-69),Total,16.8
2019,Albania,(70-74),Total,12.5
2019,Albania,(75-79),Total,8.6
2019,Albania,(80-84),Total,5.1
2019,Albania,(85-89),Total,2.2
2019,Albania,,Total,78.0
2019,Albania,(0-4),Total,77.7
2019,Albania,(5-9),Total,73.8
2019,Albania,(10-14),Total,68.8
2019,Albania,(15-19),Male,62.2
2019,Albania,(20-24),Male,57.4
2019,Albania,(25-29),Male,52.5
2019,Albania,(30-34),Male,47.7
2019,Albania,(35-39),Male,42.8
2019,Albania,(40-44),Male,38.0
2019,Albania,(45-49),Male,33.4
2019,Albania,(50-54),Male,28.8
2019,Albania,(55-59),Male,24.5
2019,Albania,(60-64),Male,20.2
2019,Albania,(65-69),Male,16.4
2019,Albania,(70-74),Male,12.4
2019,Albania,(75-79),Male,8.7
2019,Albania,(80-84),Male,5.5
2019,Albania,(85-89),Male,2.9
2019,Albania,,Female,79.9
2019,,(5-9),Male,70.8
2019,,(10-14),Male,65.8
2019,,(15-19),Male,60.9
2019,,(20-24),Male,56.0
2019,,(25-29),Male,51.2
2019,,(30-34),Male,46.4
2019,,(35-39),Male,41.8
2019,,(40-44),Male,37.2
2019,,(45-49),Male,32.8
2019,,(50-54),Male,28.4
2019,,(55-59),Male,24.3
2019,,(60-64),Male,20.5
2019,,(65-69),Male,17.0
2019,,(70-74),Male,13.8
2019,,(75-79),Male,10.8
2019,,(80-84),Male,8.0
2019,,(85-89),Male,5.7
2019,,(0-4),Female,80.8
2019,,(5-9),Female,76.9
2019,,(10-14),Female,71.9
2019,,(15-19),Female,67.0
2019,,(20-24),Female,62.0
2019,,(25-29),Female,57.1
2019,,(30-34),Female,52.2
2019,,(35-39),Female,47.4
2019,,(45-49),Female,37.9
2019,,(50-54),Female,33.2
2019,,(55-59),Female,28.7
2019,,(60-64),Female,24.3
2019,,(65-69),Female,20.1
2019,,(70-74),Female,16.2
2019,,(75-79),Female,12.5
2019,,(80-84),Female,9.1
2019,,(85-89),Female,6.4
2019,,(0-4),Total,77.8
2019,,(5-9),Total,73.9
2019,,(10-14),Total,68.9
2019,,(15-19),Total,64.0
2019,,(20-24),Total,59.1
2019,,(25-29),Total,54.2
2019,,(30-34),Total,49.4
2019,,(35-39),Total,44.7
2019,,(40-44),Total,40.0
2019,,(45-49),Total,35.4
2019,,(50-54),Total,30.9
2019,,(55-59),Total,26.6
2019,,(60-64),Total,22.5
2019,,(65-69),Total,18.7
2019,,(70-74),Total,15.2
2019,,(75-79),Total,11.8
2019,,(80-84),Total,8.7
2019,,(85-89),Total,6.2
2019,,,Male,75.1
2019,,(0-4),Male,74.7
2019,,,Female,81.3
2019,,(40-44),Female,42.6
2019,,,Total,78.2
